IBPFAHIO_00001	0
IBPFAHIO_00003	6
IBPFAHIO_00004	817
IBPFAHIO_00006	9509
IBPFAHIO_00007	2471
IBPFAHIO_00008	189
IBPFAHIO_00009	6778
IBPFAHIO_00010	9036
IBPFAHIO_00011	583
IBPFAHIO_00012	747
IBPFAHIO_00013	55920
IBPFAHIO_00014	9700
IBPFAHIO_00015	4428
IBPFAHIO_00016	4262
IBPFAHIO_00017	6484
IBPFAHIO_00018	26976
IBPFAHIO_00019	128088
IBPFAHIO_00020	47
IBPFAHIO_00021	196
IBPFAHIO_00022	0
IBPFAHIO_00023	48
IBPFAHIO_00024	1540
IBPFAHIO_00025	4636
IBPFAHIO_00026	97
IBPFAHIO_00027	7091
IBPFAHIO_00028	14068
IBPFAHIO_00029	4252
IBPFAHIO_00030	37
IBPFAHIO_00031	709
IBPFAHIO_00032	1037
IBPFAHIO_00033	4
IBPFAHIO_00034	242
IBPFAHIO_00035	31396
IBPFAHIO_00037	3211
IBPFAHIO_00038	11652
IBPFAHIO_00039	6319
IBPFAHIO_00040	1449
IBPFAHIO_00041	6666
IBPFAHIO_00042	1599
IBPFAHIO_00043	2515
IBPFAHIO_00044	2149
IBPFAHIO_00045	283
IBPFAHIO_00046	3448
IBPFAHIO_00047	7167
IBPFAHIO_00048	2257
IBPFAHIO_00049	3314
IBPFAHIO_00050	2840
IBPFAHIO_00051	626
IBPFAHIO_00052	382
IBPFAHIO_00053	531
IBPFAHIO_00054	2303
IBPFAHIO_00055	1127
IBPFAHIO_00056	880
IBPFAHIO_00057	0
IBPFAHIO_00058	0
IBPFAHIO_00059	3092
IBPFAHIO_00060	15
IBPFAHIO_00061	5356
IBPFAHIO_00062	2633
IBPFAHIO_00063	5124
IBPFAHIO_00064	492
IBPFAHIO_00065	367
IBPFAHIO_00066	560
IBPFAHIO_00067	709
IBPFAHIO_00068	1793
IBPFAHIO_00069	1592
IBPFAHIO_00070	1635
IBPFAHIO_00071	4039
IBPFAHIO_00072	261
IBPFAHIO_00073	726
IBPFAHIO_00074	128
IBPFAHIO_00075	591
IBPFAHIO_00076	848
IBPFAHIO_00077	1173
IBPFAHIO_00078	2416
IBPFAHIO_00079	634
IBPFAHIO_00080	3467
IBPFAHIO_00081	4
IBPFAHIO_00082	0
IBPFAHIO_00083	0
IBPFAHIO_00084	156
IBPFAHIO_00085	117
IBPFAHIO_00086	84
IBPFAHIO_00087	139
IBPFAHIO_00088	1403
IBPFAHIO_00089	129
IBPFAHIO_00090	3
IBPFAHIO_00091	338
IBPFAHIO_00092	39
IBPFAHIO_00093	434
IBPFAHIO_00094	8
IBPFAHIO_00095	98808
IBPFAHIO_00096	1755
IBPFAHIO_00097	11753
IBPFAHIO_00098	13254
IBPFAHIO_00099	3316
IBPFAHIO_00100	1934
IBPFAHIO_00101	672
IBPFAHIO_00102	1185
IBPFAHIO_00103	4086
IBPFAHIO_00104	3732
IBPFAHIO_00105	12065
IBPFAHIO_00106	44462
IBPFAHIO_00107	10952
IBPFAHIO_00108	1044
IBPFAHIO_00109	3967
IBPFAHIO_00110	7085
IBPFAHIO_00111	31938
IBPFAHIO_00112	44715
IBPFAHIO_00113	12811
IBPFAHIO_00114	8199
IBPFAHIO_00115	5188
IBPFAHIO_00116	13071
IBPFAHIO_00117	29611
IBPFAHIO_00118	4179
IBPFAHIO_00119	44371
IBPFAHIO_00120	24445
IBPFAHIO_00121	6482
IBPFAHIO_00122	84432
IBPFAHIO_00123	237
IBPFAHIO_00124	19
IBPFAHIO_00125	350
IBPFAHIO_00126	9653
IBPFAHIO_00127	321505
IBPFAHIO_00128	360718
IBPFAHIO_00129	45416
IBPFAHIO_00130	25295
IBPFAHIO_00131	20172
IBPFAHIO_00132	6592
IBPFAHIO_00133	31644
IBPFAHIO_00134	83086
IBPFAHIO_00135	69846
IBPFAHIO_00136	36822
IBPFAHIO_00137	91740
IBPFAHIO_00138	19189
IBPFAHIO_00139	31249
IBPFAHIO_00140	138102
IBPFAHIO_00141	47497
IBPFAHIO_00142	1308
IBPFAHIO_00143	4684
IBPFAHIO_00144	2335
IBPFAHIO_00145	5706
IBPFAHIO_00146	9857
IBPFAHIO_00147	6398
IBPFAHIO_00148	3704
IBPFAHIO_00149	411
IBPFAHIO_00150	660
IBPFAHIO_00151	433
IBPFAHIO_00152	1650
IBPFAHIO_00153	3471
IBPFAHIO_00154	1053
IBPFAHIO_00155	741
IBPFAHIO_00156	5205
IBPFAHIO_00157	46253
IBPFAHIO_00158	46979
IBPFAHIO_00159	231066
IBPFAHIO_00160	42546
IBPFAHIO_00161	66
IBPFAHIO_00162	119934
IBPFAHIO_00163	184215
IBPFAHIO_00164	15091
IBPFAHIO_00165	25552
IBPFAHIO_00166	53086
IBPFAHIO_00167	53045
IBPFAHIO_00168	17459
IBPFAHIO_00169	29663
IBPFAHIO_00170	14337
IBPFAHIO_00171	169
IBPFAHIO_00172	263
IBPFAHIO_00173	803
IBPFAHIO_00174	27
IBPFAHIO_00175	664
IBPFAHIO_00176	143
IBPFAHIO_00177	166
IBPFAHIO_00178	187
IBPFAHIO_00179	8632
IBPFAHIO_00180	41396
IBPFAHIO_00181	18849
IBPFAHIO_00182	51295
IBPFAHIO_00183	58603
IBPFAHIO_00184	114126
IBPFAHIO_00185	4846
IBPFAHIO_00186	16644
IBPFAHIO_00187	6823
IBPFAHIO_00188	5676
IBPFAHIO_00189	269716
IBPFAHIO_00190	147895
IBPFAHIO_00191	28562
IBPFAHIO_00192	4275
IBPFAHIO_00193	287
IBPFAHIO_00194	119
IBPFAHIO_00195	70524
IBPFAHIO_00196	116753
IBPFAHIO_00197	104906
IBPFAHIO_00198	10851
IBPFAHIO_00199	35263
IBPFAHIO_00200	34081
IBPFAHIO_00201	17820
IBPFAHIO_00202	33056
IBPFAHIO_00203	54421
IBPFAHIO_00204	99268
IBPFAHIO_00205	33554
IBPFAHIO_00206	867
IBPFAHIO_00207	8639
IBPFAHIO_00208	1721
IBPFAHIO_00209	1048
IBPFAHIO_00210	450
IBPFAHIO_00211	495
IBPFAHIO_00212	12489
IBPFAHIO_00213	13990
IBPFAHIO_00214	21216
IBPFAHIO_00215	19371
IBPFAHIO_00216	23867
IBPFAHIO_00217	5261
IBPFAHIO_00218	15292
IBPFAHIO_00219	3129
IBPFAHIO_00220	234
IBPFAHIO_00221	347
IBPFAHIO_00222	632
IBPFAHIO_00223	449
IBPFAHIO_00224	152
IBPFAHIO_00225	279
IBPFAHIO_00226	525
IBPFAHIO_00227	169
IBPFAHIO_00228	5131
IBPFAHIO_00229	3467
IBPFAHIO_00230	8169
IBPFAHIO_00231	6644
IBPFAHIO_00232	8960
IBPFAHIO_00233	197110
IBPFAHIO_00234	4434
IBPFAHIO_00235	8
IBPFAHIO_00236	7716
IBPFAHIO_00237	6073
IBPFAHIO_00238	23286
IBPFAHIO_00239	12203
IBPFAHIO_00240	10161
IBPFAHIO_00241	84003
IBPFAHIO_00242	15547
IBPFAHIO_00243	40602
IBPFAHIO_00244	33088
IBPFAHIO_00245	11912
IBPFAHIO_00246	3616
IBPFAHIO_00247	13512
IBPFAHIO_00248	6177
IBPFAHIO_00249	24028
IBPFAHIO_00250	3896
IBPFAHIO_00251	22005
IBPFAHIO_00252	16277
IBPFAHIO_00253	0
IBPFAHIO_00254	921
IBPFAHIO_00255	1812
IBPFAHIO_00256	358
IBPFAHIO_00257	2005
IBPFAHIO_00258	5605
IBPFAHIO_00259	13958
IBPFAHIO_00260	3197
IBPFAHIO_00261	6828
IBPFAHIO_00262	20621
IBPFAHIO_00263	4213
IBPFAHIO_00264	5896
IBPFAHIO_00265	9340
IBPFAHIO_00266	45830
IBPFAHIO_00267	516
IBPFAHIO_00268	14
IBPFAHIO_00269	41
IBPFAHIO_00270	3270
IBPFAHIO_00271	1193
IBPFAHIO_00272	2447
IBPFAHIO_00273	125
IBPFAHIO_00274	232
IBPFAHIO_00275	30
IBPFAHIO_00276	115
IBPFAHIO_00277	196
IBPFAHIO_00278	0
IBPFAHIO_00279	127
IBPFAHIO_00280	304
IBPFAHIO_00281	9233
IBPFAHIO_00282	3203
IBPFAHIO_00283	295
IBPFAHIO_00284	386
IBPFAHIO_00285	1945
IBPFAHIO_00286	56
IBPFAHIO_00287	1498
IBPFAHIO_00288	352
IBPFAHIO_00289	552
IBPFAHIO_00290	1628
IBPFAHIO_00291	2124
IBPFAHIO_00292	41
IBPFAHIO_00293	8
IBPFAHIO_00294	1
IBPFAHIO_00295	17
IBPFAHIO_00296	7
IBPFAHIO_00297	15
IBPFAHIO_00298	16
IBPFAHIO_00299	16
IBPFAHIO_00300	12
IBPFAHIO_00301	19
IBPFAHIO_00302	107
IBPFAHIO_00303	121
IBPFAHIO_00304	1628
IBPFAHIO_00305	88933
IBPFAHIO_00306	147
IBPFAHIO_00307	1127
IBPFAHIO_00308	1936
IBPFAHIO_00309	1445
IBPFAHIO_00310	1052
IBPFAHIO_00312	489
IBPFAHIO_00313	566
IBPFAHIO_00314	296
IBPFAHIO_00315	256
IBPFAHIO_00316	47
IBPFAHIO_00317	360
IBPFAHIO_00318	848
IBPFAHIO_00319	2835
IBPFAHIO_00320	365
IBPFAHIO_00321	35
IBPFAHIO_00322	6567
IBPFAHIO_00323	1659
IBPFAHIO_00324	1030
IBPFAHIO_00325	485
IBPFAHIO_00326	873
IBPFAHIO_00327	162
IBPFAHIO_00328	9470
IBPFAHIO_00329	4051
IBPFAHIO_00330	8911
IBPFAHIO_00331	1277
IBPFAHIO_00332	1
IBPFAHIO_00333	416
IBPFAHIO_00334	672
IBPFAHIO_00335	435
IBPFAHIO_00336	278
IBPFAHIO_00337	32247
IBPFAHIO_00338	1893
IBPFAHIO_00339	3653
IBPFAHIO_00340	23921
IBPFAHIO_00341	2390
IBPFAHIO_00342	5681
IBPFAHIO_00343	1238
IBPFAHIO_00344	384450
IBPFAHIO_00345	3392
IBPFAHIO_00346	1388
IBPFAHIO_00347	3859
IBPFAHIO_00348	2169
IBPFAHIO_00349	120690
IBPFAHIO_00350	38460
IBPFAHIO_00351	1277
IBPFAHIO_00352	1730
IBPFAHIO_00353	749
IBPFAHIO_00354	2336
IBPFAHIO_00355	877
IBPFAHIO_00356	945
IBPFAHIO_00357	5411
IBPFAHIO_00358	6734
IBPFAHIO_00359	757
IBPFAHIO_00360	422
IBPFAHIO_00361	1193
IBPFAHIO_00362	108
IBPFAHIO_00363	438
IBPFAHIO_00364	464
IBPFAHIO_00365	194
IBPFAHIO_00366	226
IBPFAHIO_00367	44746
IBPFAHIO_00368	17217
IBPFAHIO_00369	38194
IBPFAHIO_00370	12777
IBPFAHIO_00371	4459
IBPFAHIO_00372	2204
IBPFAHIO_00373	1957
IBPFAHIO_00374	6190
IBPFAHIO_00375	5043
IBPFAHIO_00376	5840
IBPFAHIO_00377	22084
IBPFAHIO_00378	34529
IBPFAHIO_00379	12326
IBPFAHIO_00380	14007
IBPFAHIO_00381	20126
IBPFAHIO_00382	4173
IBPFAHIO_00383	5919
IBPFAHIO_00384	6492
IBPFAHIO_00385	20782
IBPFAHIO_00386	2401
IBPFAHIO_00387	41578
IBPFAHIO_00388	25998
IBPFAHIO_00389	10576
IBPFAHIO_00390	30873
IBPFAHIO_00391	13109
IBPFAHIO_00392	5651
IBPFAHIO_00393	8889
IBPFAHIO_00394	11367
IBPFAHIO_00395	8958
IBPFAHIO_00396	2141
IBPFAHIO_00397	2970
IBPFAHIO_00398	2166
IBPFAHIO_00399	1809
IBPFAHIO_00400	1430
IBPFAHIO_00401	165
IBPFAHIO_00402	269
IBPFAHIO_00403	1496
IBPFAHIO_00404	404
IBPFAHIO_00405	67
IBPFAHIO_00406	81
IBPFAHIO_00407	907
IBPFAHIO_00408	253
IBPFAHIO_00409	166
IBPFAHIO_00410	723
IBPFAHIO_00411	1748
IBPFAHIO_00412	3364
IBPFAHIO_00413	20483
IBPFAHIO_00414	25457
IBPFAHIO_00415	1035
IBPFAHIO_00416	113
IBPFAHIO_00417	333
IBPFAHIO_00418	901
IBPFAHIO_00419	219
IBPFAHIO_00420	30
IBPFAHIO_00421	3
IBPFAHIO_00422	26979
IBPFAHIO_00423	345
IBPFAHIO_00424	1941
IBPFAHIO_00425	4815
IBPFAHIO_00426	37714
IBPFAHIO_00427	11359
IBPFAHIO_00428	27550
IBPFAHIO_00429	4876
IBPFAHIO_00430	5672
IBPFAHIO_00431	3324
IBPFAHIO_00432	6903
IBPFAHIO_00433	3509
IBPFAHIO_00434	21
IBPFAHIO_00435	40618
IBPFAHIO_00436	24699
IBPFAHIO_00437	14460
IBPFAHIO_00438	8961
IBPFAHIO_00439	6192
IBPFAHIO_00440	6189
IBPFAHIO_00441	3519
IBPFAHIO_00442	1858
IBPFAHIO_00443	2831
IBPFAHIO_00444	20122
IBPFAHIO_00445	6329
IBPFAHIO_00446	4776
IBPFAHIO_00447	4115
IBPFAHIO_00448	5108
IBPFAHIO_00449	3088
IBPFAHIO_00450	25890
IBPFAHIO_00451	8027
IBPFAHIO_00452	4260
IBPFAHIO_00453	10384
IBPFAHIO_00454	11906
IBPFAHIO_00455	10339
IBPFAHIO_00456	10108
IBPFAHIO_00457	3420
IBPFAHIO_00458	10693
IBPFAHIO_00459	9974
IBPFAHIO_00460	146825
IBPFAHIO_00461	1186
IBPFAHIO_00462	74685
IBPFAHIO_00463	13545
IBPFAHIO_00464	232
IBPFAHIO_00465	599
IBPFAHIO_00466	212
IBPFAHIO_00467	398
IBPFAHIO_00468	151
IBPFAHIO_00469	6805
IBPFAHIO_00470	46698
IBPFAHIO_00471	50769
IBPFAHIO_00472	37789
IBPFAHIO_00473	5232
IBPFAHIO_00474	6214
IBPFAHIO_00475	71105
IBPFAHIO_00476	3
IBPFAHIO_00477	648
IBPFAHIO_00478	10833
IBPFAHIO_00479	9985
IBPFAHIO_00480	1797
IBPFAHIO_00481	807
IBPFAHIO_00482	5214
IBPFAHIO_00483	34063
IBPFAHIO_00484	9366
IBPFAHIO_00485	26107
IBPFAHIO_00486	5602
IBPFAHIO_00487	1214
IBPFAHIO_00488	176981
IBPFAHIO_00489	9683
IBPFAHIO_00490	15364
IBPFAHIO_00491	2010
IBPFAHIO_00492	45781
IBPFAHIO_00493	109974
IBPFAHIO_00494	6689
IBPFAHIO_00495	9519
IBPFAHIO_00496	13172
IBPFAHIO_00497	25840
IBPFAHIO_00498	77656
IBPFAHIO_00499	26289
IBPFAHIO_00500	17768
IBPFAHIO_00501	125
IBPFAHIO_00502	5743
IBPFAHIO_00503	21112
IBPFAHIO_00504	51191
IBPFAHIO_00505	83615
IBPFAHIO_00506	33659
IBPFAHIO_00507	6561
IBPFAHIO_00508	11648
IBPFAHIO_00509	2930
IBPFAHIO_00510	25875
IBPFAHIO_00511	9184
IBPFAHIO_00512	8252
IBPFAHIO_00513	7110
IBPFAHIO_00514	38944
IBPFAHIO_00515	26812
IBPFAHIO_00516	27730
IBPFAHIO_00517	91032
IBPFAHIO_00518	38991
IBPFAHIO_00519	20837
IBPFAHIO_00520	54878
IBPFAHIO_00521	31449
IBPFAHIO_00522	14263
IBPFAHIO_00523	8
IBPFAHIO_00524	14456
IBPFAHIO_00525	28134
IBPFAHIO_00526	3396
IBPFAHIO_00527	2853
IBPFAHIO_00528	2156
IBPFAHIO_00529	3162
IBPFAHIO_00530	5423
IBPFAHIO_00532	4607
IBPFAHIO_00533	856
IBPFAHIO_00534	3807
IBPFAHIO_00535	7587
IBPFAHIO_00536	292
IBPFAHIO_00537	1155
IBPFAHIO_00538	511
IBPFAHIO_00539	1532
IBPFAHIO_00540	10127
IBPFAHIO_00542	1034
IBPFAHIO_00543	16115
IBPFAHIO_00544	7425
IBPFAHIO_00545	10380
IBPFAHIO_00546	14144
IBPFAHIO_00547	10544
IBPFAHIO_00548	4988
IBPFAHIO_00549	9669
IBPFAHIO_00550	31501
IBPFAHIO_00551	4387
IBPFAHIO_00552	5196
IBPFAHIO_00553	65100
IBPFAHIO_00554	8011
IBPFAHIO_00555	2311
IBPFAHIO_00556	3681
IBPFAHIO_00557	1741
IBPFAHIO_00558	1201
IBPFAHIO_00559	432
IBPFAHIO_00560	18878
IBPFAHIO_00561	5315
IBPFAHIO_00562	8304
IBPFAHIO_00563	17232
IBPFAHIO_00564	12417
IBPFAHIO_00565	28654
IBPFAHIO_00566	140980
IBPFAHIO_00567	40802
IBPFAHIO_00568	8213
IBPFAHIO_00569	20294
IBPFAHIO_00570	155527
IBPFAHIO_00571	8829
IBPFAHIO_00572	3022
IBPFAHIO_00573	66386
IBPFAHIO_00574	82416
IBPFAHIO_00575	36057
IBPFAHIO_00576	54442
IBPFAHIO_00577	2901
IBPFAHIO_00578	17031
IBPFAHIO_00579	89
IBPFAHIO_00580	52
IBPFAHIO_00581	48
IBPFAHIO_00582	209
IBPFAHIO_00583	261
IBPFAHIO_00584	466
IBPFAHIO_00585	7366
IBPFAHIO_00586	1581
IBPFAHIO_00587	1391
IBPFAHIO_00588	404
IBPFAHIO_00589	907
IBPFAHIO_00590	769
IBPFAHIO_00591	1535
IBPFAHIO_00592	409
IBPFAHIO_00593	84
IBPFAHIO_00594	497
IBPFAHIO_00595	1678
IBPFAHIO_00596	26064
IBPFAHIO_00597	11048
IBPFAHIO_00598	789
IBPFAHIO_00599	38599
IBPFAHIO_00600	18736
IBPFAHIO_00601	365
IBPFAHIO_00602	95
IBPFAHIO_00603	147
IBPFAHIO_00604	108
IBPFAHIO_00605	164
IBPFAHIO_00606	13132
IBPFAHIO_00607	15534
IBPFAHIO_00608	25273
IBPFAHIO_00609	6476
IBPFAHIO_00610	8775
IBPFAHIO_00611	2246
IBPFAHIO_00612	1551
IBPFAHIO_00613	13085
IBPFAHIO_00614	3163
IBPFAHIO_00615	401
IBPFAHIO_00616	281
IBPFAHIO_00617	304
IBPFAHIO_00618	370
IBPFAHIO_00619	115
IBPFAHIO_00620	48903
IBPFAHIO_00621	20413
IBPFAHIO_00622	27150
IBPFAHIO_00623	466
IBPFAHIO_00625	3119
IBPFAHIO_00626	2033
IBPFAHIO_00627	227
IBPFAHIO_00628	2505
IBPFAHIO_00629	383
IBPFAHIO_00630	2416
IBPFAHIO_00631	4549
IBPFAHIO_00632	16057
IBPFAHIO_00633	2255
IBPFAHIO_00634	1698
IBPFAHIO_00635	3106
IBPFAHIO_00636	1786
IBPFAHIO_00637	10901
IBPFAHIO_00638	838
IBPFAHIO_00639	6752
IBPFAHIO_00640	11423
IBPFAHIO_00641	530
IBPFAHIO_00642	14467
IBPFAHIO_00643	18026
IBPFAHIO_00644	4272
IBPFAHIO_00645	479
IBPFAHIO_00646	263
IBPFAHIO_00647	3245
IBPFAHIO_00648	462
IBPFAHIO_00649	8477
IBPFAHIO_00650	48167
IBPFAHIO_00651	10838
IBPFAHIO_00652	38321
IBPFAHIO_00653	112551
IBPFAHIO_00654	78853
IBPFAHIO_00655	7475
IBPFAHIO_00656	16347
IBPFAHIO_00657	21456
IBPFAHIO_00658	34841
IBPFAHIO_00659	61973
IBPFAHIO_00660	24956
IBPFAHIO_00661	15949
IBPFAHIO_00662	42916
IBPFAHIO_00663	74347
IBPFAHIO_00664	3236
IBPFAHIO_00665	10899
IBPFAHIO_00666	14107
IBPFAHIO_00667	610
IBPFAHIO_00668	1738
IBPFAHIO_00669	19142
IBPFAHIO_00670	2643
IBPFAHIO_00671	12989
IBPFAHIO_00672	10614
IBPFAHIO_00673	20824
IBPFAHIO_00674	60265
IBPFAHIO_00675	3875
IBPFAHIO_00676	7401
IBPFAHIO_00677	12831
IBPFAHIO_00678	30006
IBPFAHIO_00679	33997
IBPFAHIO_00680	9404
IBPFAHIO_00681	11578
IBPFAHIO_00682	19759
IBPFAHIO_00683	5585
IBPFAHIO_00684	2123
IBPFAHIO_00685	16272
IBPFAHIO_00686	33340
IBPFAHIO_00687	4443
IBPFAHIO_00688	158025
IBPFAHIO_00689	74557
IBPFAHIO_00690	131660
IBPFAHIO_00691	24091
IBPFAHIO_00692	47721
IBPFAHIO_00693	2381
IBPFAHIO_00694	360
IBPFAHIO_00695	4453
IBPFAHIO_00696	2662
IBPFAHIO_00697	53391
IBPFAHIO_00698	74712
IBPFAHIO_00699	5482
IBPFAHIO_00700	25053
IBPFAHIO_00701	15812
IBPFAHIO_00702	17739
IBPFAHIO_00703	8694
IBPFAHIO_00704	24922
IBPFAHIO_00705	49
IBPFAHIO_00706	13101
IBPFAHIO_00707	16137
IBPFAHIO_00708	50071
IBPFAHIO_00709	7
IBPFAHIO_00710	85006
IBPFAHIO_00711	53551
IBPFAHIO_00712	50890
IBPFAHIO_00713	4758
IBPFAHIO_00714	957
IBPFAHIO_00715	3142
IBPFAHIO_00716	17181
IBPFAHIO_00717	32265
IBPFAHIO_00718	8338
IBPFAHIO_00719	19210
IBPFAHIO_00720	14307
IBPFAHIO_00721	1296
IBPFAHIO_00722	54686
IBPFAHIO_00723	50381
IBPFAHIO_00724	32859
IBPFAHIO_00725	31498
IBPFAHIO_00726	2744
IBPFAHIO_00727	97520
IBPFAHIO_00728	30516
IBPFAHIO_00729	10468
IBPFAHIO_00730	156
IBPFAHIO_00731	620
IBPFAHIO_00732	4748
IBPFAHIO_00733	1439
IBPFAHIO_00734	6945
IBPFAHIO_00735	2845
IBPFAHIO_00736	250
IBPFAHIO_00737	4828
IBPFAHIO_00738	934
IBPFAHIO_00739	321
IBPFAHIO_00740	130
IBPFAHIO_00741	36
IBPFAHIO_00742	158
IBPFAHIO_00743	9
IBPFAHIO_00744	11
IBPFAHIO_00745	673
IBPFAHIO_00746	1521
IBPFAHIO_00747	494
IBPFAHIO_00748	2442
IBPFAHIO_00749	1104
IBPFAHIO_00750	962
IBPFAHIO_00751	2229
IBPFAHIO_00752	752
IBPFAHIO_00753	2707
IBPFAHIO_00754	811
IBPFAHIO_00755	932
IBPFAHIO_00756	821
IBPFAHIO_00757	303
IBPFAHIO_00758	369
IBPFAHIO_00759	94
IBPFAHIO_00760	236
IBPFAHIO_00761	3
IBPFAHIO_00762	104
IBPFAHIO_00763	1302
IBPFAHIO_00764	6
IBPFAHIO_00765	262
IBPFAHIO_00766	455
IBPFAHIO_00767	1100
IBPFAHIO_00768	141
IBPFAHIO_00769	83
IBPFAHIO_00770	92
IBPFAHIO_00771	40
IBPFAHIO_00772	88
IBPFAHIO_00773	14
IBPFAHIO_00774	40
IBPFAHIO_00775	461
IBPFAHIO_00776	9664
IBPFAHIO_00777	1559
IBPFAHIO_00778	25
IBPFAHIO_00779	240
IBPFAHIO_00780	57
IBPFAHIO_00781	135
IBPFAHIO_00782	53
IBPFAHIO_00783	2
IBPFAHIO_00784	294
IBPFAHIO_00801	58734
IBPFAHIO_00802	29446
IBPFAHIO_00803	132561
IBPFAHIO_00804	24464
IBPFAHIO_00805	174877
IBPFAHIO_00806	1423
IBPFAHIO_00807	434561
IBPFAHIO_00808	385648
IBPFAHIO_00809	26823
IBPFAHIO_00810	3808
IBPFAHIO_00811	18206
IBPFAHIO_00812	2
IBPFAHIO_00813	8825
IBPFAHIO_00814	17027
IBPFAHIO_00815	6
IBPFAHIO_00816	46133
IBPFAHIO_00817	5401
IBPFAHIO_00818	104632
IBPFAHIO_00819	8451
IBPFAHIO_00820	8648
IBPFAHIO_00821	30578
IBPFAHIO_00822	3087
IBPFAHIO_00823	0
IBPFAHIO_00824	95435
IBPFAHIO_00825	50302
IBPFAHIO_00826	97572
IBPFAHIO_00827	53945
IBPFAHIO_00828	74899
IBPFAHIO_00829	79016
IBPFAHIO_00830	17777
IBPFAHIO_00831	127849
IBPFAHIO_00832	82005
IBPFAHIO_00833	183639
IBPFAHIO_00834	178082
IBPFAHIO_00835	360814
IBPFAHIO_00836	111246
IBPFAHIO_00837	153807
IBPFAHIO_00838	258401
IBPFAHIO_00839	239199
IBPFAHIO_00840	220149
IBPFAHIO_00841	179015
IBPFAHIO_00842	262532
IBPFAHIO_00843	134010
IBPFAHIO_00844	2708
IBPFAHIO_00845	36349
IBPFAHIO_00846	19737
IBPFAHIO_00847	19009
IBPFAHIO_00848	16739
IBPFAHIO_00849	1350
IBPFAHIO_00850	616899
IBPFAHIO_00851	148628
IBPFAHIO_00852	72094
IBPFAHIO_00853	13489
IBPFAHIO_00854	321
IBPFAHIO_00855	50204
IBPFAHIO_00856	61636
IBPFAHIO_00857	19325
IBPFAHIO_00858	4327
IBPFAHIO_00859	63177
IBPFAHIO_00860	12471
IBPFAHIO_00861	3922
IBPFAHIO_00862	21235
IBPFAHIO_00863	3626
IBPFAHIO_00864	4953
IBPFAHIO_00865	46078
IBPFAHIO_00866	57697
IBPFAHIO_00867	61541
IBPFAHIO_00868	5910
IBPFAHIO_00869	1737
IBPFAHIO_00870	4479
IBPFAHIO_00871	3568
IBPFAHIO_00872	18
IBPFAHIO_00873	1
IBPFAHIO_00874	96
IBPFAHIO_00875	11592
IBPFAHIO_00876	29464
IBPFAHIO_00877	18137
IBPFAHIO_00878	28451
IBPFAHIO_00879	30720
IBPFAHIO_00880	120898
IBPFAHIO_00881	64187
IBPFAHIO_00882	5588
IBPFAHIO_00883	10
IBPFAHIO_00884	73070
IBPFAHIO_00885	47650
IBPFAHIO_00886	40073
IBPFAHIO_00887	29213
IBPFAHIO_00888	7600
IBPFAHIO_00889	5563
IBPFAHIO_00890	23021
IBPFAHIO_00891	29617
IBPFAHIO_00892	26745
IBPFAHIO_00893	9289
IBPFAHIO_00894	6668
IBPFAHIO_00895	16298
IBPFAHIO_00896	3517
IBPFAHIO_00897	43029
IBPFAHIO_00898	2
IBPFAHIO_00899	123138
IBPFAHIO_00900	45617
IBPFAHIO_00901	34402
IBPFAHIO_00902	15666
IBPFAHIO_00903	42374
IBPFAHIO_00904	82394
IBPFAHIO_00905	47090
IBPFAHIO_00906	121663
IBPFAHIO_00907	27057
IBPFAHIO_00908	49781
IBPFAHIO_00909	24506
IBPFAHIO_00910	15027
IBPFAHIO_00911	19439
IBPFAHIO_00912	18103
IBPFAHIO_00913	22160
IBPFAHIO_00914	51684
IBPFAHIO_00915	31868
IBPFAHIO_00916	1953
IBPFAHIO_00917	25722
IBPFAHIO_00918	207
IBPFAHIO_00919	9
IBPFAHIO_00920	8
IBPFAHIO_00921	8
IBPFAHIO_00922	0
IBPFAHIO_00923	0
IBPFAHIO_00924	0
IBPFAHIO_00926	35
IBPFAHIO_00927	0
IBPFAHIO_00928	0
IBPFAHIO_00929	0
IBPFAHIO_00930	109
IBPFAHIO_00931	0
IBPFAHIO_00932	0
IBPFAHIO_00933	0
IBPFAHIO_00934	135
IBPFAHIO_00935	217
IBPFAHIO_00936	480
IBPFAHIO_00937	8
IBPFAHIO_00938	28
IBPFAHIO_00939	40
IBPFAHIO_00940	32
IBPFAHIO_00941	45
IBPFAHIO_00942	26
IBPFAHIO_00943	44
IBPFAHIO_00944	43
IBPFAHIO_00945	98
IBPFAHIO_00946	24
IBPFAHIO_00947	354
IBPFAHIO_00948	95
IBPFAHIO_00949	216
IBPFAHIO_00950	28
IBPFAHIO_00951	23
IBPFAHIO_00952	320
IBPFAHIO_00953	145
IBPFAHIO_00954	96
IBPFAHIO_00955	22
IBPFAHIO_00956	2639
IBPFAHIO_00957	416
IBPFAHIO_00958	54
IBPFAHIO_00959	0
IBPFAHIO_00960	0
IBPFAHIO_00961	0
IBPFAHIO_00962	2
IBPFAHIO_00963	202
IBPFAHIO_00964	133
IBPFAHIO_00965	187
IBPFAHIO_00966	106
IBPFAHIO_00967	197
IBPFAHIO_00968	92
IBPFAHIO_00969	169
IBPFAHIO_00970	105
IBPFAHIO_00971	50
IBPFAHIO_00972	1470
IBPFAHIO_00973	748
IBPFAHIO_00974	571
IBPFAHIO_00975	8
IBPFAHIO_00976	162
IBPFAHIO_00977	31
IBPFAHIO_00978	115
IBPFAHIO_00979	331
IBPFAHIO_00980	466
IBPFAHIO_00981	175
IBPFAHIO_00982	281
IBPFAHIO_00983	1242
IBPFAHIO_00984	6255
IBPFAHIO_00985	561
IBPFAHIO_00986	1705
IBPFAHIO_00987	166
IBPFAHIO_00988	5472
IBPFAHIO_00989	2684
IBPFAHIO_00990	1155
IBPFAHIO_00991	6777
IBPFAHIO_00992	155820
IBPFAHIO_00993	20226
IBPFAHIO_00994	10009
IBPFAHIO_00995	1021
IBPFAHIO_00996	2811
IBPFAHIO_00997	35986
IBPFAHIO_00998	24514
IBPFAHIO_00999	32856
IBPFAHIO_01000	33898
IBPFAHIO_01001	22417
IBPFAHIO_01002	68099
IBPFAHIO_01003	25309
IBPFAHIO_01005	1003
IBPFAHIO_01006	61
IBPFAHIO_01007	197
IBPFAHIO_01008	218
IBPFAHIO_01009	218
IBPFAHIO_01010	76907
IBPFAHIO_01011	31606
IBPFAHIO_01012	3217
IBPFAHIO_01013	232
IBPFAHIO_01014	1959
IBPFAHIO_01015	437
IBPFAHIO_01016	21088
IBPFAHIO_01017	99502
IBPFAHIO_01018	56984
IBPFAHIO_01019	5531
IBPFAHIO_01020	2562
IBPFAHIO_01021	5377
IBPFAHIO_01022	16069
IBPFAHIO_01023	307
IBPFAHIO_01024	2824
IBPFAHIO_01025	705
IBPFAHIO_01026	607251
IBPFAHIO_01027	1230738
IBPFAHIO_01028	289168
IBPFAHIO_01029	348860
IBPFAHIO_01030	7456
IBPFAHIO_01031	9151
IBPFAHIO_01032	8044
IBPFAHIO_01033	4347
IBPFAHIO_01034	32242
IBPFAHIO_01035	633
IBPFAHIO_01036	3863
IBPFAHIO_01037	10228
IBPFAHIO_01038	8591
IBPFAHIO_01039	6960
IBPFAHIO_01040	1173
IBPFAHIO_01041	895
IBPFAHIO_01042	279
IBPFAHIO_01043	2134
IBPFAHIO_01044	1135
IBPFAHIO_01045	4660
IBPFAHIO_01046	27777
IBPFAHIO_01047	11590
IBPFAHIO_01048	8098
IBPFAHIO_01049	3823
IBPFAHIO_01050	11467
IBPFAHIO_01051	32515
IBPFAHIO_01052	30136
IBPFAHIO_01053	8854
IBPFAHIO_01054	5550
IBPFAHIO_01055	5219
IBPFAHIO_01056	40781
IBPFAHIO_01057	17
IBPFAHIO_01058	53196
IBPFAHIO_01059	3606
IBPFAHIO_01060	30177
IBPFAHIO_01061	36920
IBPFAHIO_01062	4272
IBPFAHIO_01063	62412
IBPFAHIO_01064	12632
IBPFAHIO_01065	27412
IBPFAHIO_01066	5189
IBPFAHIO_01067	9812
IBPFAHIO_01068	2955
IBPFAHIO_01069	2757
IBPFAHIO_01070	92058
IBPFAHIO_01071	50219
IBPFAHIO_01072	114524
IBPFAHIO_01073	48707
IBPFAHIO_01074	11434
IBPFAHIO_01075	7291
IBPFAHIO_01076	18842
IBPFAHIO_01077	185662
IBPFAHIO_01078	7764
IBPFAHIO_01079	7942
IBPFAHIO_01080	4163
IBPFAHIO_01081	6705
IBPFAHIO_01082	7364
IBPFAHIO_01083	1261
IBPFAHIO_01084	17463
IBPFAHIO_01085	3097
IBPFAHIO_01086	5020
IBPFAHIO_01087	53145
IBPFAHIO_01088	49070
IBPFAHIO_01089	127
IBPFAHIO_01090	199
IBPFAHIO_01091	132
IBPFAHIO_01092	106
IBPFAHIO_01093	48
IBPFAHIO_01094	224
IBPFAHIO_01095	253
IBPFAHIO_01096	3912
IBPFAHIO_01097	5720
IBPFAHIO_01098	16966
IBPFAHIO_01099	8463
IBPFAHIO_01100	4876
IBPFAHIO_01101	6879
IBPFAHIO_01102	8758
IBPFAHIO_01103	46948
IBPFAHIO_01104	19583
IBPFAHIO_01105	24258
IBPFAHIO_01106	4209
IBPFAHIO_01107	2844
IBPFAHIO_01108	1249
IBPFAHIO_01109	197
IBPFAHIO_01110	881
IBPFAHIO_01111	50
IBPFAHIO_01112	246
IBPFAHIO_01113	191
IBPFAHIO_01114	270
IBPFAHIO_01115	185
IBPFAHIO_01116	295
IBPFAHIO_01117	34
IBPFAHIO_01118	97
IBPFAHIO_01119	94
IBPFAHIO_01120	107
IBPFAHIO_01121	533
IBPFAHIO_01122	3368
IBPFAHIO_01123	429
IBPFAHIO_01124	920
IBPFAHIO_01125	1086
IBPFAHIO_01126	993
IBPFAHIO_01127	1870
IBPFAHIO_01128	2119
IBPFAHIO_01129	47911
IBPFAHIO_01130	30018
IBPFAHIO_01131	7888
IBPFAHIO_01132	1992
IBPFAHIO_01133	1793
IBPFAHIO_01134	1188
IBPFAHIO_01135	3654
IBPFAHIO_01136	3306
IBPFAHIO_01137	2070
IBPFAHIO_01138	1700
IBPFAHIO_01139	395
IBPFAHIO_01140	653
IBPFAHIO_01141	121
IBPFAHIO_01142	119
IBPFAHIO_01143	18244
IBPFAHIO_01144	9979
IBPFAHIO_01145	558
IBPFAHIO_01146	24578
IBPFAHIO_01147	1119
IBPFAHIO_01148	142
IBPFAHIO_01149	44
IBPFAHIO_01150	388
IBPFAHIO_01151	46
IBPFAHIO_01152	1621
IBPFAHIO_01153	4931
IBPFAHIO_01154	6938
IBPFAHIO_01155	9621
IBPFAHIO_01156	587
IBPFAHIO_01157	8606
IBPFAHIO_01158	268787
IBPFAHIO_01159	198819
IBPFAHIO_01160	6182
IBPFAHIO_01161	136045
IBPFAHIO_01162	47948
IBPFAHIO_01163	8225
IBPFAHIO_01164	32031
IBPFAHIO_01165	28459
IBPFAHIO_01166	38417
IBPFAHIO_01167	31556
IBPFAHIO_01168	2927
IBPFAHIO_01169	9749
IBPFAHIO_01170	539
IBPFAHIO_01171	0
IBPFAHIO_01172	49553
IBPFAHIO_01199	14
IBPFAHIO_01200	234204
IBPFAHIO_01201	18915
IBPFAHIO_01202	20043
IBPFAHIO_01203	169920
IBPFAHIO_01204	38085
IBPFAHIO_01205	15371
IBPFAHIO_01206	52100
IBPFAHIO_01207	25709
IBPFAHIO_01208	7184
IBPFAHIO_01209	15962
IBPFAHIO_01210	62962
IBPFAHIO_01211	4716
IBPFAHIO_01212	484072
IBPFAHIO_01213	26845
IBPFAHIO_01214	13075
IBPFAHIO_01215	2258
IBPFAHIO_01216	15354
IBPFAHIO_01217	421031
IBPFAHIO_01218	7512
IBPFAHIO_01219	33593
IBPFAHIO_01220	20621
IBPFAHIO_01221	7534
IBPFAHIO_01222	24531
IBPFAHIO_01223	118121
IBPFAHIO_01224	43944
IBPFAHIO_01225	42412
IBPFAHIO_01226	25894
IBPFAHIO_01227	13049
IBPFAHIO_01228	30512
IBPFAHIO_01229	32105
IBPFAHIO_01230	64428
IBPFAHIO_01231	5605
IBPFAHIO_01232	11949
IBPFAHIO_01233	3170
IBPFAHIO_01234	4884
IBPFAHIO_01235	18678
IBPFAHIO_01236	4142
IBPFAHIO_01237	57077
IBPFAHIO_01238	84081
IBPFAHIO_01239	23773
IBPFAHIO_01240	4109
IBPFAHIO_01241	5532
IBPFAHIO_01242	11105
IBPFAHIO_01243	25330
IBPFAHIO_01244	31311
IBPFAHIO_01245	10081
IBPFAHIO_01246	126692
IBPFAHIO_01247	90699
IBPFAHIO_01248	19662
IBPFAHIO_01249	25268
IBPFAHIO_01250	39032
IBPFAHIO_01251	16723
IBPFAHIO_01252	10391
IBPFAHIO_01253	13716
IBPFAHIO_01254	6669
IBPFAHIO_01255	19634
IBPFAHIO_01256	578
IBPFAHIO_01257	18647
IBPFAHIO_01258	26922
IBPFAHIO_01259	15022
IBPFAHIO_01260	39104
IBPFAHIO_01261	13854
IBPFAHIO_01262	115551
IBPFAHIO_01263	22794
IBPFAHIO_01264	36079
IBPFAHIO_01265	12376
IBPFAHIO_01266	11002
IBPFAHIO_01267	30068
IBPFAHIO_01268	13541
IBPFAHIO_01269	2878
IBPFAHIO_01270	173
IBPFAHIO_01271	27
IBPFAHIO_01272	5347
IBPFAHIO_01273	2465
IBPFAHIO_01274	1828
IBPFAHIO_01275	2922
IBPFAHIO_01276	3296
IBPFAHIO_01277	4270
IBPFAHIO_01278	100666
IBPFAHIO_01279	2833
IBPFAHIO_01280	463
IBPFAHIO_01281	2096
IBPFAHIO_01282	7050
IBPFAHIO_01283	9926
IBPFAHIO_01284	83
IBPFAHIO_01285	820
IBPFAHIO_01286	2270
IBPFAHIO_01287	1191
IBPFAHIO_01288	1250
IBPFAHIO_01289	469
IBPFAHIO_01290	28
IBPFAHIO_01291	3271
IBPFAHIO_01292	3477
IBPFAHIO_01293	6206
IBPFAHIO_01294	20166
IBPFAHIO_01295	3312
IBPFAHIO_01296	17298
IBPFAHIO_01297	165
IBPFAHIO_01298	4821
IBPFAHIO_01299	8093
IBPFAHIO_01300	3662
IBPFAHIO_01301	526
IBPFAHIO_01302	1937
IBPFAHIO_01303	31
IBPFAHIO_01304	796
IBPFAHIO_01305	34
IBPFAHIO_01306	39
IBPFAHIO_01307	45
IBPFAHIO_01308	729
IBPFAHIO_01309	25
IBPFAHIO_01310	384
IBPFAHIO_01311	8336
IBPFAHIO_01312	1118
IBPFAHIO_01313	27
IBPFAHIO_01314	42
IBPFAHIO_01315	16
IBPFAHIO_01316	55
IBPFAHIO_01317	29
IBPFAHIO_01318	0
IBPFAHIO_01319	151
IBPFAHIO_01320	107
IBPFAHIO_01321	228
IBPFAHIO_01322	278
IBPFAHIO_01323	758
IBPFAHIO_01324	5460
IBPFAHIO_01325	3921
IBPFAHIO_01326	813
IBPFAHIO_01327	1268
IBPFAHIO_01328	624
IBPFAHIO_01329	15516
IBPFAHIO_01330	629
IBPFAHIO_01331	1317
IBPFAHIO_01332	70
IBPFAHIO_01333	37
IBPFAHIO_01334	670
IBPFAHIO_01335	202
IBPFAHIO_01336	939
IBPFAHIO_01337	5856
IBPFAHIO_01338	145
IBPFAHIO_01339	277
IBPFAHIO_01340	4873
IBPFAHIO_01341	3161
IBPFAHIO_01342	270
IBPFAHIO_01343	1441
IBPFAHIO_01344	188
IBPFAHIO_01345	661
IBPFAHIO_01346	1808
IBPFAHIO_01347	763
IBPFAHIO_01348	301
IBPFAHIO_01349	97
IBPFAHIO_01350	145
IBPFAHIO_01351	172
IBPFAHIO_01352	1211
IBPFAHIO_01353	66
IBPFAHIO_01354	283
IBPFAHIO_01355	3204
IBPFAHIO_01356	1682
IBPFAHIO_01357	426
IBPFAHIO_01358	23
IBPFAHIO_01359	2555
IBPFAHIO_01360	1321
IBPFAHIO_01361	348193
IBPFAHIO_01362	368186
IBPFAHIO_01363	124895
IBPFAHIO_01364	6912
IBPFAHIO_01365	691
IBPFAHIO_01366	942
IBPFAHIO_01367	373
IBPFAHIO_01368	895
IBPFAHIO_01369	454
IBPFAHIO_01370	107
IBPFAHIO_01371	45
IBPFAHIO_01372	65
IBPFAHIO_01373	124
IBPFAHIO_01374	183
IBPFAHIO_01375	92
IBPFAHIO_01376	201
IBPFAHIO_01377	8160
IBPFAHIO_01378	420667
IBPFAHIO_01379	428793
IBPFAHIO_01380	2936
IBPFAHIO_01381	1342
IBPFAHIO_01382	2191
IBPFAHIO_01383	12285
IBPFAHIO_01384	9924
IBPFAHIO_01385	68537
IBPFAHIO_01386	12630
IBPFAHIO_01387	5409
IBPFAHIO_01388	5232
IBPFAHIO_01389	40128
IBPFAHIO_01390	46554
IBPFAHIO_01391	9438
IBPFAHIO_01392	1606
IBPFAHIO_01393	47368
IBPFAHIO_01394	38423
IBPFAHIO_01395	30216
IBPFAHIO_01396	60811
IBPFAHIO_01397	4957
IBPFAHIO_01407	15617
IBPFAHIO_01408	8889
IBPFAHIO_01409	30232
IBPFAHIO_01410	93285
IBPFAHIO_01411	42194
IBPFAHIO_01412	67700
IBPFAHIO_01413	7137
IBPFAHIO_01414	27768
IBPFAHIO_01415	24232
IBPFAHIO_01416	13280
IBPFAHIO_01417	55336
IBPFAHIO_01418	8293
IBPFAHIO_01419	17952
IBPFAHIO_01420	730
IBPFAHIO_01421	38284
IBPFAHIO_01422	41769
IBPFAHIO_01423	11924
IBPFAHIO_01424	7953
IBPFAHIO_01425	62950
IBPFAHIO_01426	32228
IBPFAHIO_01427	8611
IBPFAHIO_01428	43903
IBPFAHIO_01429	108270
IBPFAHIO_01430	237653
IBPFAHIO_01431	93675
IBPFAHIO_01432	296091
IBPFAHIO_01433	78007
IBPFAHIO_01434	74
IBPFAHIO_01435	31136
IBPFAHIO_01436	17863
IBPFAHIO_01437	25274
IBPFAHIO_01438	68961
IBPFAHIO_01439	34000
IBPFAHIO_01440	67144
IBPFAHIO_01441	12368
IBPFAHIO_01442	7902
IBPFAHIO_01443	6824
IBPFAHIO_01444	3987
IBPFAHIO_01445	4225
IBPFAHIO_01446	84
IBPFAHIO_01447	1822
IBPFAHIO_01448	7722
IBPFAHIO_01449	7596
IBPFAHIO_01450	367
IBPFAHIO_01451	740
IBPFAHIO_01452	117
IBPFAHIO_01453	742
IBPFAHIO_01454	3404
IBPFAHIO_01455	3277
IBPFAHIO_01456	274
IBPFAHIO_01457	147
IBPFAHIO_01458	259
IBPFAHIO_01459	793
IBPFAHIO_01460	320191
IBPFAHIO_01461	29467
IBPFAHIO_01462	10118
IBPFAHIO_01463	5941
IBPFAHIO_01464	61987
IBPFAHIO_01465	54409
IBPFAHIO_01466	24425
IBPFAHIO_01467	210880
IBPFAHIO_01468	109902
IBPFAHIO_01469	63867
IBPFAHIO_01470	46337
IBPFAHIO_01471	61071
IBPFAHIO_01472	53051
IBPFAHIO_01473	40244
IBPFAHIO_01474	430708
IBPFAHIO_01475	40281
IBPFAHIO_01476	18281
IBPFAHIO_01477	372111
IBPFAHIO_01478	382960
IBPFAHIO_01479	884815
IBPFAHIO_01480	2191073
IBPFAHIO_01481	85087
IBPFAHIO_01482	375151
IBPFAHIO_01483	220713
IBPFAHIO_01484	134038
IBPFAHIO_01485	357078
IBPFAHIO_01486	198426
IBPFAHIO_01487	202650
IBPFAHIO_01488	526018
IBPFAHIO_01489	269182
IBPFAHIO_01490	127215
IBPFAHIO_01491	393623
IBPFAHIO_01492	234338
IBPFAHIO_01493	440720
IBPFAHIO_01494	255189
IBPFAHIO_01495	210332
IBPFAHIO_01496	290379
IBPFAHIO_01497	288079
IBPFAHIO_01498	293457
IBPFAHIO_01499	409642
IBPFAHIO_01500	101957
IBPFAHIO_01501	342014
IBPFAHIO_01502	967898
IBPFAHIO_01503	312034
IBPFAHIO_01504	154151
IBPFAHIO_01505	238454
IBPFAHIO_01506	214386
IBPFAHIO_01507	216923
IBPFAHIO_01508	557246
IBPFAHIO_01509	631125
IBPFAHIO_01510	16771
IBPFAHIO_01511	21183
IBPFAHIO_01512	9168
IBPFAHIO_01513	7180
IBPFAHIO_01514	7744
IBPFAHIO_01515	1432
IBPFAHIO_01516	614
IBPFAHIO_01517	157
IBPFAHIO_01518	562
IBPFAHIO_01519	321
IBPFAHIO_01520	510
IBPFAHIO_01521	264
IBPFAHIO_01522	24500
IBPFAHIO_01523	43355
IBPFAHIO_01524	17193
IBPFAHIO_01525	244023
IBPFAHIO_01526	43769
IBPFAHIO_01527	67108
IBPFAHIO_01528	56967
IBPFAHIO_01529	96
IBPFAHIO_01530	15216
IBPFAHIO_01531	21691
IBPFAHIO_01532	11332
IBPFAHIO_01533	11892
IBPFAHIO_01534	77316
IBPFAHIO_01535	18134
IBPFAHIO_01536	96380
IBPFAHIO_01537	14419
IBPFAHIO_01538	28244
IBPFAHIO_01539	42012
IBPFAHIO_01540	3721
IBPFAHIO_01541	524
IBPFAHIO_01542	1130
IBPFAHIO_01543	880
IBPFAHIO_01544	2082
IBPFAHIO_01545	136
IBPFAHIO_01546	418
IBPFAHIO_01547	483
IBPFAHIO_01548	50
IBPFAHIO_01549	17022
IBPFAHIO_01550	10289
IBPFAHIO_01551	86
IBPFAHIO_01552	344
IBPFAHIO_01553	921
IBPFAHIO_01554	45
IBPFAHIO_01555	100466
IBPFAHIO_01556	2210
IBPFAHIO_01557	3775
IBPFAHIO_01558	10975
IBPFAHIO_01559	964
IBPFAHIO_01560	12923
IBPFAHIO_01561	6110
IBPFAHIO_01562	3254
IBPFAHIO_01563	282227
IBPFAHIO_01564	7552
IBPFAHIO_01565	10910
IBPFAHIO_01566	12575
IBPFAHIO_01567	9176
IBPFAHIO_01568	4407
IBPFAHIO_01569	49597
IBPFAHIO_01570	39326
IBPFAHIO_01571	15319
IBPFAHIO_01572	17179
IBPFAHIO_01573	7969
IBPFAHIO_01574	8052
IBPFAHIO_01575	19573
IBPFAHIO_01576	35556
IBPFAHIO_01577	12835
IBPFAHIO_01578	30597
IBPFAHIO_01579	32658
IBPFAHIO_01580	217
IBPFAHIO_01581	15221
IBPFAHIO_01582	5570
IBPFAHIO_01583	7650
IBPFAHIO_01584	29092
IBPFAHIO_01585	45979
IBPFAHIO_01586	10061
IBPFAHIO_01587	5450
IBPFAHIO_01588	6238
IBPFAHIO_01589	11140
IBPFAHIO_01590	10591
IBPFAHIO_01591	9758
IBPFAHIO_01592	156759
IBPFAHIO_01593	131760
IBPFAHIO_01594	565
IBPFAHIO_01595	44906
IBPFAHIO_01596	6177
IBPFAHIO_01597	18197
IBPFAHIO_01598	5601
IBPFAHIO_01599	13766
IBPFAHIO_01600	13812
IBPFAHIO_01601	5870
IBPFAHIO_01602	34284
IBPFAHIO_01603	36
IBPFAHIO_01604	10
IBPFAHIO_01605	60
IBPFAHIO_01606	3623
IBPFAHIO_01607	5317
IBPFAHIO_01608	8609
IBPFAHIO_01609	3811
IBPFAHIO_01610	4073
IBPFAHIO_01611	357
IBPFAHIO_01612	43775
IBPFAHIO_01613	31523
IBPFAHIO_01614	172071
IBPFAHIO_01615	2861
IBPFAHIO_01616	17402
IBPFAHIO_01617	4284
IBPFAHIO_01618	952
IBPFAHIO_01619	5086
IBPFAHIO_01620	47892
IBPFAHIO_01621	32122
IBPFAHIO_01622	3083
IBPFAHIO_01623	4911
IBPFAHIO_01624	208
IBPFAHIO_01625	249
IBPFAHIO_01626	1000
IBPFAHIO_01627	3109
IBPFAHIO_01628	1046
IBPFAHIO_01629	4581
IBPFAHIO_01630	77833
IBPFAHIO_01631	1510
IBPFAHIO_01632	23912
IBPFAHIO_01633	46985
IBPFAHIO_01634	11798
IBPFAHIO_01635	79807
IBPFAHIO_01636	24
IBPFAHIO_01637	19729
IBPFAHIO_01638	475
IBPFAHIO_01639	7525
IBPFAHIO_01640	515
IBPFAHIO_01641	240
IBPFAHIO_01642	146
IBPFAHIO_01643	118
IBPFAHIO_01644	182
IBPFAHIO_01645	2039
IBPFAHIO_01646	2954
IBPFAHIO_01647	2840
IBPFAHIO_01648	2406
IBPFAHIO_01649	109
IBPFAHIO_01650	3871
IBPFAHIO_01651	30296
IBPFAHIO_01652	20245
IBPFAHIO_01653	10752
IBPFAHIO_01654	14180
IBPFAHIO_01655	13086
IBPFAHIO_01656	5841
IBPFAHIO_01657	3525
IBPFAHIO_01658	354941
IBPFAHIO_01659	88276
IBPFAHIO_01660	140452
IBPFAHIO_01661	556
IBPFAHIO_01662	984
IBPFAHIO_01663	71
IBPFAHIO_01664	2889
IBPFAHIO_01665	495
IBPFAHIO_01666	1982
IBPFAHIO_01667	3303
IBPFAHIO_01668	95665
IBPFAHIO_01669	177
IBPFAHIO_01670	180
IBPFAHIO_01671	22645
IBPFAHIO_01672	1825
IBPFAHIO_01673	20923
IBPFAHIO_01674	8832
IBPFAHIO_01675	16153
IBPFAHIO_01676	52590
IBPFAHIO_01677	42982
IBPFAHIO_01678	2805
IBPFAHIO_01679	105
IBPFAHIO_01680	52
IBPFAHIO_01681	8484
IBPFAHIO_01682	1242
IBPFAHIO_01683	12869
IBPFAHIO_01684	1277
IBPFAHIO_01685	930
IBPFAHIO_01686	4
IBPFAHIO_01687	403
IBPFAHIO_01688	24
IBPFAHIO_01689	1
IBPFAHIO_01690	38
IBPFAHIO_01691	34
IBPFAHIO_01692	10
IBPFAHIO_01693	147
IBPFAHIO_01694	772
IBPFAHIO_01695	8147
IBPFAHIO_01696	11557
IBPFAHIO_01697	623
IBPFAHIO_01698	127
IBPFAHIO_01699	211
IBPFAHIO_01700	727
IBPFAHIO_01701	1400
IBPFAHIO_01702	14000
IBPFAHIO_01703	6104
IBPFAHIO_01704	1320
IBPFAHIO_01705	2831
IBPFAHIO_01706	26766
IBPFAHIO_01707	572
IBPFAHIO_01708	439
IBPFAHIO_01709	225
IBPFAHIO_01710	740
IBPFAHIO_01711	1281
IBPFAHIO_01712	1087
IBPFAHIO_01713	72
IBPFAHIO_01714	393
IBPFAHIO_01715	2327
IBPFAHIO_01716	2716
IBPFAHIO_01717	7391
IBPFAHIO_01718	2248
IBPFAHIO_01719	995
IBPFAHIO_01720	163
IBPFAHIO_01721	104
IBPFAHIO_01722	3
IBPFAHIO_01723	2984
IBPFAHIO_01724	2761
IBPFAHIO_01725	9652
IBPFAHIO_01726	444
IBPFAHIO_01727	560
IBPFAHIO_01728	9298
IBPFAHIO_01729	26725
IBPFAHIO_01730	1486
IBPFAHIO_01731	3644
IBPFAHIO_01732	3310
IBPFAHIO_01733	5412
IBPFAHIO_01734	2918
IBPFAHIO_01735	1810
IBPFAHIO_01736	1316
IBPFAHIO_01737	259
IBPFAHIO_01738	65
IBPFAHIO_01739	12503
IBPFAHIO_01740	4107
IBPFAHIO_01741	310
IBPFAHIO_01742	951
IBPFAHIO_01743	593
IBPFAHIO_01744	2094
IBPFAHIO_01745	9157
IBPFAHIO_01746	3395
IBPFAHIO_01747	1547
IBPFAHIO_01748	5753
IBPFAHIO_01749	6766
IBPFAHIO_01750	6524
IBPFAHIO_01751	4628
IBPFAHIO_01752	3905
IBPFAHIO_01753	1199
IBPFAHIO_01754	2718
IBPFAHIO_01755	1162
IBPFAHIO_01756	2881
IBPFAHIO_01757	783
IBPFAHIO_01758	8
IBPFAHIO_01759	21
IBPFAHIO_01760	1963
IBPFAHIO_01761	9157
IBPFAHIO_01762	65480
IBPFAHIO_01763	64655
IBPFAHIO_01764	21529
IBPFAHIO_01765	2370
IBPFAHIO_01766	1964
IBPFAHIO_01767	16931
IBPFAHIO_01768	2805
IBPFAHIO_01769	434
IBPFAHIO_01770	1471
IBPFAHIO_01771	2908
IBPFAHIO_01772	531
IBPFAHIO_01773	14687
IBPFAHIO_01774	935
IBPFAHIO_01775	2596
IBPFAHIO_01776	490
IBPFAHIO_01777	1059
IBPFAHIO_01778	2663
IBPFAHIO_01779	4731
IBPFAHIO_01780	11574
IBPFAHIO_01781	18693
IBPFAHIO_01782	577
IBPFAHIO_01783	557
IBPFAHIO_01784	1111
IBPFAHIO_01785	1984
IBPFAHIO_01786	1126
IBPFAHIO_01787	16086
IBPFAHIO_01788	1645
IBPFAHIO_01789	5514
IBPFAHIO_01790	4769
IBPFAHIO_01791	1438
IBPFAHIO_01792	2950
IBPFAHIO_01793	4051
IBPFAHIO_01794	12603
IBPFAHIO_01795	8289
IBPFAHIO_01796	7232
IBPFAHIO_01797	8305
IBPFAHIO_01798	17818
IBPFAHIO_01799	41085
IBPFAHIO_01800	3765
IBPFAHIO_01801	52855
IBPFAHIO_01802	146
IBPFAHIO_01803	300
IBPFAHIO_01804	7917
IBPFAHIO_01805	11873
IBPFAHIO_01806	3465
IBPFAHIO_01807	1135
IBPFAHIO_01808	6553
IBPFAHIO_01809	30895
IBPFAHIO_01810	2570
IBPFAHIO_01811	2145
IBPFAHIO_01812	5718
IBPFAHIO_01813	8097
IBPFAHIO_01814	3088
IBPFAHIO_01815	24651
IBPFAHIO_01816	4203
IBPFAHIO_01817	25061
IBPFAHIO_01818	7157
IBPFAHIO_01819	18599
IBPFAHIO_01820	1594
IBPFAHIO_01821	845
IBPFAHIO_01822	984
IBPFAHIO_01823	53944
IBPFAHIO_01824	58332
IBPFAHIO_01825	47474
IBPFAHIO_01826	66655
IBPFAHIO_01827	3943
IBPFAHIO_01828	4041
IBPFAHIO_01829	4023
IBPFAHIO_01830	2841
IBPFAHIO_01831	3764
IBPFAHIO_01832	5506
IBPFAHIO_01833	9782
IBPFAHIO_01834	5299
IBPFAHIO_01835	10015
IBPFAHIO_01836	18815
IBPFAHIO_01837	4
IBPFAHIO_01838	137
IBPFAHIO_01839	3425
IBPFAHIO_01840	3304
IBPFAHIO_01841	9956
IBPFAHIO_01842	1797
IBPFAHIO_01843	1665
IBPFAHIO_01844	10633
IBPFAHIO_01845	1664
IBPFAHIO_01846	4045
IBPFAHIO_01847	1499
IBPFAHIO_01848	13404
IBPFAHIO_01849	11464
IBPFAHIO_01850	5404
IBPFAHIO_01851	4776
IBPFAHIO_01852	15595
IBPFAHIO_01853	11704
IBPFAHIO_01854	24253
IBPFAHIO_01855	57792
IBPFAHIO_01856	3026
IBPFAHIO_01857	8401
IBPFAHIO_01858	2357
IBPFAHIO_01859	4508
IBPFAHIO_01860	6716
IBPFAHIO_01861	9309
IBPFAHIO_01862	645
IBPFAHIO_01863	7447
IBPFAHIO_01864	1323
IBPFAHIO_01865	924
IBPFAHIO_01866	7339
IBPFAHIO_01867	1382
IBPFAHIO_01868	425
IBPFAHIO_01869	153
IBPFAHIO_01870	4868
IBPFAHIO_01871	2998
IBPFAHIO_01872	115
IBPFAHIO_01873	322
IBPFAHIO_01874	481
IBPFAHIO_01875	1303
IBPFAHIO_01876	410
IBPFAHIO_01877	328
IBPFAHIO_01878	365
IBPFAHIO_01879	489
IBPFAHIO_01880	53
IBPFAHIO_01881	530
IBPFAHIO_01882	51
IBPFAHIO_01883	25
IBPFAHIO_01884	166
IBPFAHIO_01885	62
IBPFAHIO_01886	14640
IBPFAHIO_01887	13992
IBPFAHIO_01888	67742
IBPFAHIO_01889	47675
IBPFAHIO_01890	29256
IBPFAHIO_01891	15412
IBPFAHIO_01892	12297
IBPFAHIO_01893	4918
IBPFAHIO_01894	19466
IBPFAHIO_01895	11511
IBPFAHIO_01896	966
IBPFAHIO_01897	42802
IBPFAHIO_01898	12850
IBPFAHIO_01899	44134
IBPFAHIO_01900	18880
IBPFAHIO_01901	11764
IBPFAHIO_01902	2453
IBPFAHIO_01903	1741
IBPFAHIO_01904	37626
IBPFAHIO_01905	634
IBPFAHIO_01906	747
IBPFAHIO_01907	927
IBPFAHIO_01908	5321
IBPFAHIO_01909	8617
IBPFAHIO_01910	36100
IBPFAHIO_01911	11140
IBPFAHIO_01912	5100
IBPFAHIO_01913	8067
IBPFAHIO_01914	961
IBPFAHIO_01915	7203
IBPFAHIO_01916	53021
IBPFAHIO_01917	9546
IBPFAHIO_01918	16119
IBPFAHIO_01919	13504
IBPFAHIO_01920	13615
IBPFAHIO_01921	20457
IBPFAHIO_01922	12439
IBPFAHIO_01923	26711
IBPFAHIO_01924	13371
IBPFAHIO_01925	11243
IBPFAHIO_01926	37386
IBPFAHIO_01927	5757
IBPFAHIO_01928	2659
IBPFAHIO_01929	874
IBPFAHIO_01930	3042
IBPFAHIO_01931	2086
IBPFAHIO_01932	63
IBPFAHIO_01933	438
IBPFAHIO_01934	128
IBPFAHIO_01935	408
IBPFAHIO_01936	13161
IBPFAHIO_01937	13727
IBPFAHIO_01938	10988
IBPFAHIO_01939	36819
IBPFAHIO_01940	5
IBPFAHIO_01941	1768
IBPFAHIO_01942	588
IBPFAHIO_01943	435
IBPFAHIO_01944	704
IBPFAHIO_01945	89226
IBPFAHIO_01946	683
IBPFAHIO_01947	7428
IBPFAHIO_01948	577
IBPFAHIO_01949	87
IBPFAHIO_01950	140
IBPFAHIO_01951	772
IBPFAHIO_01952	2382
IBPFAHIO_01953	1637
IBPFAHIO_01954	214
IBPFAHIO_01955	3558
IBPFAHIO_01956	8568
IBPFAHIO_01957	5727
IBPFAHIO_01958	17
IBPFAHIO_01959	850
IBPFAHIO_01960	2075
IBPFAHIO_01961	3137
IBPFAHIO_01962	3630
IBPFAHIO_01963	863
IBPFAHIO_01964	23897
IBPFAHIO_01965	36936
IBPFAHIO_01966	42439
IBPFAHIO_01967	4944
IBPFAHIO_01968	9258
IBPFAHIO_01969	3802
IBPFAHIO_01970	4354
IBPFAHIO_01971	6561
IBPFAHIO_01972	10407
IBPFAHIO_01973	564
IBPFAHIO_01974	5820
IBPFAHIO_01975	23145
IBPFAHIO_01976	33888
IBPFAHIO_01977	9635
IBPFAHIO_01978	602
IBPFAHIO_01979	267
IBPFAHIO_01980	858
IBPFAHIO_01981	837
IBPFAHIO_01982	10080
IBPFAHIO_01983	3982
IBPFAHIO_01984	1015
IBPFAHIO_01985	3668
IBPFAHIO_01986	29261
IBPFAHIO_01987	3303
IBPFAHIO_01988	4952
IBPFAHIO_01989	7252
IBPFAHIO_01990	601
IBPFAHIO_01991	1862
IBPFAHIO_01992	4535
IBPFAHIO_01993	8723
IBPFAHIO_01994	28446
IBPFAHIO_01995	6726
IBPFAHIO_01996	11111
IBPFAHIO_01997	782
IBPFAHIO_01998	26322
IBPFAHIO_01999	28749
IBPFAHIO_02000	16725
IBPFAHIO_02001	10382
IBPFAHIO_02002	15337
IBPFAHIO_02003	3195
IBPFAHIO_02004	7851
IBPFAHIO_02005	11703
IBPFAHIO_02006	31412
IBPFAHIO_02007	3410
IBPFAHIO_02008	16242
IBPFAHIO_02009	3522
IBPFAHIO_02010	43371
IBPFAHIO_02011	2917
IBPFAHIO_02012	4304
IBPFAHIO_02013	4097
IBPFAHIO_02014	6159
IBPFAHIO_02015	3840
IBPFAHIO_02016	37185
IBPFAHIO_02017	188
IBPFAHIO_02018	795
IBPFAHIO_02019	4911
IBPFAHIO_02020	2614
IBPFAHIO_02021	5454
IBPFAHIO_02022	12199
IBPFAHIO_02023	6193
IBPFAHIO_02024	2990
IBPFAHIO_02025	4686
IBPFAHIO_02026	7623
IBPFAHIO_02027	5210
IBPFAHIO_02028	3714
IBPFAHIO_02029	8303
IBPFAHIO_02030	4341
IBPFAHIO_02031	6341
IBPFAHIO_02032	13998
IBPFAHIO_02033	52123
IBPFAHIO_02034	1001
IBPFAHIO_02035	435
IBPFAHIO_02036	927
IBPFAHIO_02037	812
IBPFAHIO_02038	1834
IBPFAHIO_02039	1508
IBPFAHIO_02040	1357
IBPFAHIO_02041	3116
IBPFAHIO_02042	462
IBPFAHIO_02043	1168
IBPFAHIO_02044	382
IBPFAHIO_02045	3225
IBPFAHIO_02046	11015
IBPFAHIO_02047	27
IBPFAHIO_02048	60242
IBPFAHIO_02049	241536
IBPFAHIO_02050	2012
IBPFAHIO_02051	45843
IBPFAHIO_02052	1264726
IBPFAHIO_02053	32886
IBPFAHIO_02054	17275
IBPFAHIO_02055	169178
IBPFAHIO_02056	63
IBPFAHIO_02057	147
IBPFAHIO_02058	248
IBPFAHIO_02059	456
IBPFAHIO_02060	2715
IBPFAHIO_02061	2857
IBPFAHIO_02062	322
IBPFAHIO_02063	3815
IBPFAHIO_02064	17889
IBPFAHIO_02065	14633
IBPFAHIO_02066	18037
IBPFAHIO_02067	51375
IBPFAHIO_02068	10130
IBPFAHIO_02069	29759
IBPFAHIO_02070	35571
IBPFAHIO_02071	11116
IBPFAHIO_02072	22520
IBPFAHIO_02073	36559
IBPFAHIO_02074	8579
IBPFAHIO_02075	8265
IBPFAHIO_02076	6451
IBPFAHIO_02077	8803
IBPFAHIO_02078	50160
IBPFAHIO_02079	3597
IBPFAHIO_02080	17822
IBPFAHIO_02081	16517
IBPFAHIO_02082	19477
IBPFAHIO_02083	8500
IBPFAHIO_02084	13364
IBPFAHIO_02085	7545
IBPFAHIO_02086	21950
IBPFAHIO_02087	14287
IBPFAHIO_02088	14722
IBPFAHIO_02089	25311
IBPFAHIO_02090	10598
IBPFAHIO_02091	1253
IBPFAHIO_02092	15649
IBPFAHIO_02094	1259
IBPFAHIO_02095	30528
IBPFAHIO_02096	2153
IBPFAHIO_02097	405457
IBPFAHIO_02098	155476
IBPFAHIO_02099	409325
IBPFAHIO_02100	47072
IBPFAHIO_02101	33244
IBPFAHIO_02102	77261
IBPFAHIO_02103	39536
IBPFAHIO_02104	35213
IBPFAHIO_02105	2567
IBPFAHIO_02106	4650
IBPFAHIO_02107	38208
IBPFAHIO_02108	60108
IBPFAHIO_02109	22920
IBPFAHIO_02110	11207
IBPFAHIO_02111	16921
IBPFAHIO_02112	3810
IBPFAHIO_02113	12224
IBPFAHIO_02114	15485
IBPFAHIO_02115	10827
IBPFAHIO_02116	53690
IBPFAHIO_02117	478
IBPFAHIO_02118	3277
IBPFAHIO_02119	602
IBPFAHIO_02120	21617
IBPFAHIO_02121	43611
IBPFAHIO_02122	6899
IBPFAHIO_02123	78612
IBPFAHIO_02124	30968
IBPFAHIO_02125	26592
IBPFAHIO_02126	21701
IBPFAHIO_02127	49462
IBPFAHIO_02128	170450
IBPFAHIO_02129	122035
IBPFAHIO_02130	32566
IBPFAHIO_02131	55864
IBPFAHIO_02132	90179
IBPFAHIO_02133	107318
IBPFAHIO_02134	83413
IBPFAHIO_02135	38480
IBPFAHIO_02136	10820
IBPFAHIO_02137	1907
IBPFAHIO_02138	11478
IBPFAHIO_02139	15757
IBPFAHIO_02140	21280
IBPFAHIO_02141	13193
IBPFAHIO_02142	503
IBPFAHIO_02143	804
IBPFAHIO_02144	1079
IBPFAHIO_02145	22
IBPFAHIO_02146	10
IBPFAHIO_02147	27
IBPFAHIO_02148	1756
IBPFAHIO_02149	1807
IBPFAHIO_02151	3586
IBPFAHIO_02152	973
IBPFAHIO_02153	4206
IBPFAHIO_02154	6761
IBPFAHIO_02155	2254
IBPFAHIO_02156	3121
IBPFAHIO_02157	7481
IBPFAHIO_02158	734
IBPFAHIO_02159	116
IBPFAHIO_02160	268
IBPFAHIO_02161	87
IBPFAHIO_02162	1280
IBPFAHIO_02163	820
IBPFAHIO_02164	262
IBPFAHIO_02165	8
IBPFAHIO_02166	504
IBPFAHIO_02167	167
IBPFAHIO_02168	50
IBPFAHIO_02169	59
IBPFAHIO_02170	257
IBPFAHIO_02171	194
IBPFAHIO_02172	186
IBPFAHIO_02173	172
IBPFAHIO_02174	0
IBPFAHIO_02175	0
IBPFAHIO_02176	0
IBPFAHIO_02177	0
IBPFAHIO_02178	0
IBPFAHIO_02179	0
IBPFAHIO_02180	75
IBPFAHIO_02181	22
IBPFAHIO_02182	103
IBPFAHIO_02183	136
IBPFAHIO_02184	81
IBPFAHIO_02185	655
IBPFAHIO_02186	191
IBPFAHIO_02187	24
IBPFAHIO_02188	273
IBPFAHIO_02189	103
IBPFAHIO_02190	22
IBPFAHIO_02191	10
IBPFAHIO_02192	5
IBPFAHIO_02193	44
IBPFAHIO_02194	110
IBPFAHIO_02195	10
IBPFAHIO_02196	470
IBPFAHIO_02197	2
IBPFAHIO_02198	61
IBPFAHIO_02199	449
IBPFAHIO_02200	1008
IBPFAHIO_02201	564
IBPFAHIO_02202	0
IBPFAHIO_02203	0
IBPFAHIO_02204	0
IBPFAHIO_02205	0
IBPFAHIO_02206	0
IBPFAHIO_02208	0
IBPFAHIO_02209	0
IBPFAHIO_02210	0
IBPFAHIO_02211	0
IBPFAHIO_02212	0
IBPFAHIO_02213	2
IBPFAHIO_02214	285
IBPFAHIO_02215	477
IBPFAHIO_02216	1
IBPFAHIO_02217	154
IBPFAHIO_02218	1414
IBPFAHIO_02219	2673
IBPFAHIO_02220	2434
IBPFAHIO_02221	36074
IBPFAHIO_02222	32312
IBPFAHIO_02223	1788
IBPFAHIO_02224	293
IBPFAHIO_02225	177
IBPFAHIO_02226	314
IBPFAHIO_02227	196
IBPFAHIO_02228	111
IBPFAHIO_02229	1081
IBPFAHIO_02230	872
IBPFAHIO_02231	5499
IBPFAHIO_02232	886
IBPFAHIO_02233	229
IBPFAHIO_02234	28
IBPFAHIO_02235	250
IBPFAHIO_02236	1371
IBPFAHIO_02237	7264
IBPFAHIO_02238	7712
IBPFAHIO_02239	631
IBPFAHIO_02240	6348
IBPFAHIO_02241	5236
IBPFAHIO_02242	10172
IBPFAHIO_02243	25940
IBPFAHIO_02244	756
IBPFAHIO_02245	3040
IBPFAHIO_02246	6183
IBPFAHIO_02247	432
IBPFAHIO_02248	8831
IBPFAHIO_02249	16969
IBPFAHIO_02250	3641
IBPFAHIO_02251	27294
IBPFAHIO_02252	365
IBPFAHIO_02253	1491
IBPFAHIO_02254	1367
IBPFAHIO_02255	646
IBPFAHIO_02256	345
IBPFAHIO_02257	214
IBPFAHIO_02258	40
IBPFAHIO_02259	9
IBPFAHIO_02260	202
IBPFAHIO_02261	13166
IBPFAHIO_02262	20715
IBPFAHIO_02263	3440
IBPFAHIO_02264	2438
IBPFAHIO_02265	12311
IBPFAHIO_02266	14622
IBPFAHIO_02267	3236
IBPFAHIO_02268	727
IBPFAHIO_02269	10105
IBPFAHIO_02270	517
IBPFAHIO_02271	479
IBPFAHIO_02272	15412
IBPFAHIO_02273	39940
IBPFAHIO_02274	9895
IBPFAHIO_02275	16696
IBPFAHIO_02276	3194
IBPFAHIO_02277	34331
IBPFAHIO_02278	10711
IBPFAHIO_02279	19943
IBPFAHIO_02280	2330
IBPFAHIO_02282	3185
IBPFAHIO_02283	971
IBPFAHIO_02284	1638
IBPFAHIO_02285	41386
IBPFAHIO_02286	1630
IBPFAHIO_02287	1767
IBPFAHIO_02288	1580
IBPFAHIO_02289	5603
IBPFAHIO_02290	10357
IBPFAHIO_02291	42501
IBPFAHIO_02292	21977
IBPFAHIO_02293	2660
IBPFAHIO_02294	1357
IBPFAHIO_02295	6030
IBPFAHIO_02296	603
IBPFAHIO_02297	705
IBPFAHIO_02298	966
IBPFAHIO_02299	2522
IBPFAHIO_02300	2398
IBPFAHIO_02301	3540
IBPFAHIO_02302	13949
IBPFAHIO_02303	1864
IBPFAHIO_02304	121813
IBPFAHIO_02305	3111
IBPFAHIO_02306	12778
IBPFAHIO_02307	8484
IBPFAHIO_02308	7598
IBPFAHIO_02309	17692
IBPFAHIO_02310	2472
IBPFAHIO_02311	2918
IBPFAHIO_02312	934
IBPFAHIO_02313	57865
IBPFAHIO_02314	11871
IBPFAHIO_02315	13949
IBPFAHIO_02316	72
IBPFAHIO_02317	738
IBPFAHIO_02318	11
IBPFAHIO_02319	47
IBPFAHIO_02320	42
IBPFAHIO_02321	97
IBPFAHIO_02322	293
IBPFAHIO_02323	402
IBPFAHIO_02324	18523
IBPFAHIO_02325	118
IBPFAHIO_02326	19413
IBPFAHIO_02327	4102
IBPFAHIO_02328	597
IBPFAHIO_02329	59609
IBPFAHIO_02330	37397
IBPFAHIO_02331	15755
IBPFAHIO_02332	154
IBPFAHIO_02333	178
IBPFAHIO_02334	75956
IBPFAHIO_02335	548
IBPFAHIO_02336	7610
IBPFAHIO_02337	7887
IBPFAHIO_02338	10891
IBPFAHIO_02339	28992
IBPFAHIO_02340	34361
IBPFAHIO_02341	905
IBPFAHIO_02342	642
IBPFAHIO_02343	12008
IBPFAHIO_02344	6316
IBPFAHIO_02345	1593
IBPFAHIO_02346	6310
IBPFAHIO_02347	284
IBPFAHIO_02348	6673
IBPFAHIO_02349	16531
IBPFAHIO_02350	18009
IBPFAHIO_02351	6773
IBPFAHIO_02352	2961
IBPFAHIO_02353	3350
IBPFAHIO_02354	42984
IBPFAHIO_02355	6877
IBPFAHIO_02356	5628
IBPFAHIO_02357	12583
IBPFAHIO_02359	3
IBPFAHIO_02360	2
IBPFAHIO_02361	770
IBPFAHIO_02362	447
IBPFAHIO_02365	907
IBPFAHIO_02366	11994
IBPFAHIO_02367	2401
IBPFAHIO_02368	6542
IBPFAHIO_02369	11783
IBPFAHIO_02370	4806
IBPFAHIO_02371	6161
IBPFAHIO_02372	5369
IBPFAHIO_02373	194513
IBPFAHIO_02374	16707
IBPFAHIO_02375	5262
IBPFAHIO_02376	18115
IBPFAHIO_02377	754
IBPFAHIO_02378	115725
IBPFAHIO_02379	15721
IBPFAHIO_02380	6201
IBPFAHIO_02381	2108
IBPFAHIO_02382	215381
IBPFAHIO_02383	77035
IBPFAHIO_02384	13808
IBPFAHIO_02385	11475
IBPFAHIO_02386	18682
IBPFAHIO_02387	3686
IBPFAHIO_02388	3593
IBPFAHIO_02389	26074
IBPFAHIO_02390	8145
IBPFAHIO_02391	6202
IBPFAHIO_02392	7815
IBPFAHIO_02393	10488
IBPFAHIO_02394	107
IBPFAHIO_02395	481
IBPFAHIO_02396	2340
IBPFAHIO_02397	377
IBPFAHIO_02398	99
IBPFAHIO_02399	108
IBPFAHIO_02400	155
IBPFAHIO_02401	594
IBPFAHIO_02402	611
IBPFAHIO_02403	938
IBPFAHIO_02404	18933
IBPFAHIO_02405	20613
IBPFAHIO_02406	491
IBPFAHIO_02407	496
IBPFAHIO_02408	718
IBPFAHIO_02409	94
IBPFAHIO_02410	1110
IBPFAHIO_02411	2293
IBPFAHIO_02412	1338
IBPFAHIO_02413	3575
IBPFAHIO_02415	19423
IBPFAHIO_02416	16326
IBPFAHIO_02417	33554
IBPFAHIO_02418	42718
IBPFAHIO_02419	9454
IBPFAHIO_02420	5400
IBPFAHIO_02421	56
IBPFAHIO_02422	96
IBPFAHIO_02423	18
IBPFAHIO_02424	66
IBPFAHIO_02425	33
IBPFAHIO_02426	99
IBPFAHIO_02427	367
IBPFAHIO_02428	1033
IBPFAHIO_02429	392
IBPFAHIO_02430	231
IBPFAHIO_02431	13
IBPFAHIO_02432	124
IBPFAHIO_02433	41
IBPFAHIO_02434	302
IBPFAHIO_02435	1819
IBPFAHIO_02436	682
IBPFAHIO_02437	32
IBPFAHIO_02438	16772
IBPFAHIO_02439	1185
IBPFAHIO_02440	2004
IBPFAHIO_02441	223
IBPFAHIO_02442	222
IBPFAHIO_02443	1192
IBPFAHIO_02444	986
IBPFAHIO_02445	28
IBPFAHIO_02446	83
IBPFAHIO_02447	56
IBPFAHIO_02448	1622
IBPFAHIO_02449	2596
IBPFAHIO_02450	2059
IBPFAHIO_02451	2817
IBPFAHIO_02452	2411
IBPFAHIO_02453	5046
IBPFAHIO_02454	707
IBPFAHIO_02455	3975
IBPFAHIO_02456	8131
IBPFAHIO_02457	4604
IBPFAHIO_02458	79727
IBPFAHIO_02459	13138
IBPFAHIO_02460	13260
IBPFAHIO_02461	12458
IBPFAHIO_02462	19417
IBPFAHIO_02463	12090
IBPFAHIO_02464	7212
IBPFAHIO_02465	10019
IBPFAHIO_02466	49174
IBPFAHIO_02467	6145
IBPFAHIO_02468	14039
IBPFAHIO_02469	31197
IBPFAHIO_02470	8838
IBPFAHIO_02471	66181
IBPFAHIO_02472	70217
IBPFAHIO_02473	37677
IBPFAHIO_02474	34543
IBPFAHIO_02475	1109
IBPFAHIO_02476	925
IBPFAHIO_02477	1164
IBPFAHIO_02478	11049
IBPFAHIO_02479	1941
IBPFAHIO_02480	13017
IBPFAHIO_02481	10908
IBPFAHIO_02482	2461
IBPFAHIO_02483	3853
IBPFAHIO_02484	117503
IBPFAHIO_02485	593
IBPFAHIO_02486	1765
IBPFAHIO_02487	2436
IBPFAHIO_02489	4089
IBPFAHIO_02490	45863
IBPFAHIO_02491	1022845
IBPFAHIO_02492	417611
IBPFAHIO_02493	420424
IBPFAHIO_02494	666966
IBPFAHIO_02495	2
IBPFAHIO_02496	6
IBPFAHIO_02497	30
IBPFAHIO_02498	7919
IBPFAHIO_02499	18565
IBPFAHIO_02500	55323
IBPFAHIO_02501	6138
IBPFAHIO_02502	5101
IBPFAHIO_02503	10585
IBPFAHIO_02504	5383
IBPFAHIO_02505	43548
IBPFAHIO_02506	7060
IBPFAHIO_02507	38901
IBPFAHIO_02508	12740
IBPFAHIO_02509	33807
IBPFAHIO_02510	21036
IBPFAHIO_02511	121843
IBPFAHIO_02512	84184
IBPFAHIO_02513	104522
IBPFAHIO_02514	43612
IBPFAHIO_02515	8918
IBPFAHIO_02516	99662
IBPFAHIO_02517	5632
IBPFAHIO_02518	2436
IBPFAHIO_02519	2154
IBPFAHIO_02520	1002
IBPFAHIO_02521	3491
IBPFAHIO_02524	6786
IBPFAHIO_02525	4342
IBPFAHIO_02526	3080
IBPFAHIO_02527	945
IBPFAHIO_02528	2556
IBPFAHIO_02529	539
IBPFAHIO_02530	638
IBPFAHIO_02531	50022
IBPFAHIO_02532	89180
IBPFAHIO_02533	19225
IBPFAHIO_02534	22002
IBPFAHIO_02535	20978
IBPFAHIO_02536	7735
IBPFAHIO_02537	6541
IBPFAHIO_02538	9111
IBPFAHIO_02539	5904
IBPFAHIO_02540	13911
IBPFAHIO_02541	13024
IBPFAHIO_02542	17711
IBPFAHIO_02543	1468
IBPFAHIO_02544	737
IBPFAHIO_02545	48781
IBPFAHIO_02546	9760
IBPFAHIO_02547	1055
IBPFAHIO_02548	8
IBPFAHIO_02549	12234
IBPFAHIO_02550	8809
IBPFAHIO_02551	27951
IBPFAHIO_02552	31639
IBPFAHIO_02553	5049
IBPFAHIO_02554	34144
IBPFAHIO_02555	25202
IBPFAHIO_02556	84954
IBPFAHIO_02557	55289
IBPFAHIO_02558	21799
IBPFAHIO_02559	3
IBPFAHIO_02560	2954
IBPFAHIO_02561	27290
IBPFAHIO_02562	10045
IBPFAHIO_02563	5829
IBPFAHIO_02564	5796
IBPFAHIO_02565	123
IBPFAHIO_02566	738
IBPFAHIO_02567	685
IBPFAHIO_02568	1259
IBPFAHIO_02569	2046
IBPFAHIO_02570	26074
IBPFAHIO_02571	80375
IBPFAHIO_02572	2825
IBPFAHIO_02573	3870
IBPFAHIO_02574	3611
IBPFAHIO_02575	316926
IBPFAHIO_02576	256833
IBPFAHIO_02577	1179
IBPFAHIO_02578	14782
IBPFAHIO_02579	49090
IBPFAHIO_02580	8834
IBPFAHIO_02581	6940
IBPFAHIO_02582	37767
IBPFAHIO_02583	5516
IBPFAHIO_02584	18916
IBPFAHIO_02585	77070
IBPFAHIO_02586	8034
IBPFAHIO_02587	19965
IBPFAHIO_02588	13919
IBPFAHIO_02589	9494
IBPFAHIO_02590	7625
IBPFAHIO_02591	13488
IBPFAHIO_02592	7418
IBPFAHIO_02593	6280
IBPFAHIO_02594	16507
IBPFAHIO_02595	9591
IBPFAHIO_02596	8735
IBPFAHIO_02597	4186
IBPFAHIO_02598	7571
IBPFAHIO_02599	4635
IBPFAHIO_02600	7209
IBPFAHIO_02601	3818
IBPFAHIO_02602	3583
IBPFAHIO_02603	5267
IBPFAHIO_02604	68
IBPFAHIO_02605	4363
IBPFAHIO_02606	8254
IBPFAHIO_02607	71
IBPFAHIO_02608	61
IBPFAHIO_02609	105
IBPFAHIO_02610	32
IBPFAHIO_02611	121
IBPFAHIO_02612	36246
IBPFAHIO_02613	2075
IBPFAHIO_02614	4520
IBPFAHIO_02615	16503
IBPFAHIO_02616	29186
IBPFAHIO_02617	3445
IBPFAHIO_02618	7568
IBPFAHIO_02619	45062
IBPFAHIO_02620	140
IBPFAHIO_02621	11402
IBPFAHIO_02622	327
IBPFAHIO_02623	634
IBPFAHIO_02624	82963
IBPFAHIO_02625	19908
IBPFAHIO_02626	9789
IBPFAHIO_02627	41455
IBPFAHIO_02628	54576
IBPFAHIO_02629	2795
IBPFAHIO_02630	1936
IBPFAHIO_02631	553
IBPFAHIO_02632	6362
IBPFAHIO_02633	54455
IBPFAHIO_02634	5
IBPFAHIO_02635	176
IBPFAHIO_02636	2429
IBPFAHIO_02637	907
IBPFAHIO_02638	10715
IBPFAHIO_02639	12884
IBPFAHIO_02640	219
IBPFAHIO_02641	529
IBPFAHIO_02642	75
IBPFAHIO_02643	40
IBPFAHIO_02644	181
IBPFAHIO_02645	197
IBPFAHIO_02646	122
IBPFAHIO_02647	12015
IBPFAHIO_02648	509
IBPFAHIO_02649	751
IBPFAHIO_02650	6
IBPFAHIO_02651	2
IBPFAHIO_02652	10
IBPFAHIO_02653	1
IBPFAHIO_02654	1
IBPFAHIO_02655	1686
IBPFAHIO_02656	561
IBPFAHIO_02657	74
IBPFAHIO_02658	18976
IBPFAHIO_02659	83
IBPFAHIO_02660	65
IBPFAHIO_02661	349
IBPFAHIO_02662	1438
IBPFAHIO_02663	3218
IBPFAHIO_02664	1591
IBPFAHIO_02665	1
IBPFAHIO_02666	476
IBPFAHIO_02667	5292
IBPFAHIO_02668	15809
IBPFAHIO_02669	5643
IBPFAHIO_02670	9033
IBPFAHIO_02671	5153
IBPFAHIO_02672	30784
IBPFAHIO_02673	2668
IBPFAHIO_02674	2708
IBPFAHIO_02675	3553
IBPFAHIO_02676	129719
IBPFAHIO_02677	29428
IBPFAHIO_02678	2465
IBPFAHIO_02679	7459
IBPFAHIO_02680	16625
IBPFAHIO_02681	107991
IBPFAHIO_02682	1505
IBPFAHIO_02683	84
IBPFAHIO_02684	4
IBPFAHIO_02685	5
IBPFAHIO_02686	2
IBPFAHIO_02687	218
IBPFAHIO_02688	7
IBPFAHIO_02689	261
IBPFAHIO_02690	53
IBPFAHIO_02691	1
IBPFAHIO_02692	11
IBPFAHIO_02693	2
IBPFAHIO_02694	0
IBPFAHIO_02695	41
IBPFAHIO_02696	6005
IBPFAHIO_02697	2145
IBPFAHIO_02698	78
IBPFAHIO_02699	323
IBPFAHIO_02700	1
IBPFAHIO_02701	192
IBPFAHIO_02702	77
IBPFAHIO_02703	83
IBPFAHIO_02704	381
IBPFAHIO_02705	796
IBPFAHIO_02706	305
IBPFAHIO_02707	344
IBPFAHIO_02708	4611
IBPFAHIO_02709	3331
IBPFAHIO_02710	6608
IBPFAHIO_02711	16386
IBPFAHIO_02712	905
IBPFAHIO_02713	191
IBPFAHIO_02714	78
IBPFAHIO_02715	177
IBPFAHIO_02716	192
IBPFAHIO_02717	31
IBPFAHIO_02718	75
IBPFAHIO_02719	93
IBPFAHIO_02720	57
IBPFAHIO_02721	90
IBPFAHIO_02722	336
IBPFAHIO_02723	250
IBPFAHIO_02724	2
IBPFAHIO_02725	5
IBPFAHIO_02726	3492
IBPFAHIO_02727	54
IBPFAHIO_02728	13
IBPFAHIO_02729	361
IBPFAHIO_02730	445
IBPFAHIO_02731	4266
IBPFAHIO_02732	412
IBPFAHIO_02733	407
IBPFAHIO_02734	77
IBPFAHIO_02735	129
IBPFAHIO_02736	105
IBPFAHIO_02737	334
IBPFAHIO_02738	404
IBPFAHIO_02739	32
IBPFAHIO_02740	4969
IBPFAHIO_02741	421
IBPFAHIO_02742	1482
IBPFAHIO_02743	882
IBPFAHIO_02744	2014
IBPFAHIO_02745	1816
IBPFAHIO_02746	2
IBPFAHIO_02747	121
IBPFAHIO_02748	57
IBPFAHIO_02749	82
IBPFAHIO_02750	16577
IBPFAHIO_02751	2320
IBPFAHIO_02752	4375
IBPFAHIO_02753	3
IBPFAHIO_02754	8
IBPFAHIO_02755	254
IBPFAHIO_02756	313
IBPFAHIO_02757	387
IBPFAHIO_02758	91
IBPFAHIO_02759	39
IBPFAHIO_02760	277
IBPFAHIO_02761	322
IBPFAHIO_02762	148
IBPFAHIO_02763	11523
IBPFAHIO_02764	13909
IBPFAHIO_02765	12903
IBPFAHIO_02766	111
IBPFAHIO_02767	969
IBPFAHIO_02768	320
IBPFAHIO_02769	2908
IBPFAHIO_02770	1782
IBPFAHIO_02771	1689
IBPFAHIO_02772	1033
IBPFAHIO_02773	18
IBPFAHIO_02774	84
IBPFAHIO_02775	219
IBPFAHIO_02776	584
IBPFAHIO_02777	5774
IBPFAHIO_02778	3321
IBPFAHIO_02779	1253
IBPFAHIO_02780	272
IBPFAHIO_02781	399
IBPFAHIO_02782	68
IBPFAHIO_02783	152
IBPFAHIO_02784	4373
IBPFAHIO_02785	167
IBPFAHIO_02786	2316
IBPFAHIO_02787	6
IBPFAHIO_02788	670
IBPFAHIO_02789	1128
IBPFAHIO_02790	3987
IBPFAHIO_02791	1042
IBPFAHIO_02792	3916
IBPFAHIO_02793	462
IBPFAHIO_02794	3171
IBPFAHIO_02795	3144
IBPFAHIO_02796	145
IBPFAHIO_02797	655
IBPFAHIO_02798	1709
IBPFAHIO_02799	1891
IBPFAHIO_02800	15068
IBPFAHIO_02801	496
IBPFAHIO_02802	214
IBPFAHIO_02803	291
IBPFAHIO_02804	217
IBPFAHIO_02805	10
IBPFAHIO_02806	28
IBPFAHIO_02807	1100
IBPFAHIO_02808	644
IBPFAHIO_02809	1434
IBPFAHIO_02810	2051
IBPFAHIO_02811	872
IBPFAHIO_02812	332
IBPFAHIO_02813	286
IBPFAHIO_02814	397
IBPFAHIO_02815	809
IBPFAHIO_02816	150
IBPFAHIO_02817	830
IBPFAHIO_02818	826
IBPFAHIO_02819	97
IBPFAHIO_02820	136
IBPFAHIO_02821	470
IBPFAHIO_02822	318
IBPFAHIO_02823	558
IBPFAHIO_02824	938
IBPFAHIO_02825	1654
IBPFAHIO_02826	1636
IBPFAHIO_02827	3647
IBPFAHIO_02828	2586
IBPFAHIO_02829	1178
IBPFAHIO_02830	9447
IBPFAHIO_02831	5345
IBPFAHIO_02832	349
IBPFAHIO_02833	36327
IBPFAHIO_02834	26048
IBPFAHIO_02835	725
IBPFAHIO_02836	19
IBPFAHIO_02837	994
IBPFAHIO_02838	1429
IBPFAHIO_02839	3
IBPFAHIO_02840	1
IBPFAHIO_02841	15
IBPFAHIO_02842	87
IBPFAHIO_02843	919
IBPFAHIO_02844	2882
IBPFAHIO_02845	685
IBPFAHIO_02846	219
IBPFAHIO_02847	2834
IBPFAHIO_02848	1025
IBPFAHIO_02849	72
IBPFAHIO_02850	2117
IBPFAHIO_02851	104
IBPFAHIO_02852	3387
IBPFAHIO_02853	8386
IBPFAHIO_02854	3164
IBPFAHIO_02855	2053
IBPFAHIO_02856	4092
IBPFAHIO_02857	536
IBPFAHIO_02858	5940
IBPFAHIO_02859	6194
IBPFAHIO_02860	0
IBPFAHIO_02861	869
IBPFAHIO_02862	20
IBPFAHIO_02863	2929
IBPFAHIO_02864	1885
IBPFAHIO_02865	3469
IBPFAHIO_02866	707
IBPFAHIO_02867	6
IBPFAHIO_02868	56
IBPFAHIO_02869	267
IBPFAHIO_02870	845
IBPFAHIO_02871	1288
IBPFAHIO_02872	17792
IBPFAHIO_02873	52004
IBPFAHIO_02874	29717
IBPFAHIO_02875	1183
IBPFAHIO_02876	5563
IBPFAHIO_02877	73
IBPFAHIO_02878	286
IBPFAHIO_02879	1343
IBPFAHIO_02880	1224
IBPFAHIO_02881	48
IBPFAHIO_02882	61
IBPFAHIO_02883	20178
IBPFAHIO_02884	2657
IBPFAHIO_02885	5355
IBPFAHIO_02886	1935
IBPFAHIO_02887	492
IBPFAHIO_02888	4968
IBPFAHIO_02889	967
IBPFAHIO_02890	6134
IBPFAHIO_02891	11
IBPFAHIO_02892	1272
IBPFAHIO_02893	365
IBPFAHIO_02894	113
IBPFAHIO_02895	69
IBPFAHIO_02896	51
IBPFAHIO_02897	64
IBPFAHIO_02898	23
IBPFAHIO_02899	7
IBPFAHIO_02900	26
IBPFAHIO_02901	31
IBPFAHIO_02902	129
IBPFAHIO_02903	2102
IBPFAHIO_02904	742
IBPFAHIO_02905	4634
IBPFAHIO_02906	2504
IBPFAHIO_02907	133
IBPFAHIO_02908	650
IBPFAHIO_02909	589
IBPFAHIO_02910	886
IBPFAHIO_02911	38
IBPFAHIO_02912	234
IBPFAHIO_02913	145
IBPFAHIO_02914	647
IBPFAHIO_02915	113
IBPFAHIO_02916	135
IBPFAHIO_02917	140
IBPFAHIO_02918	750
IBPFAHIO_02919	42
IBPFAHIO_02920	399
IBPFAHIO_02921	288
IBPFAHIO_02922	205
IBPFAHIO_02923	0
IBPFAHIO_02924	0
IBPFAHIO_02925	0
IBPFAHIO_02926	0
IBPFAHIO_02927	145
IBPFAHIO_02928	464
IBPFAHIO_02929	7
IBPFAHIO_02930	1165
IBPFAHIO_02931	1604
IBPFAHIO_02932	248
IBPFAHIO_02933	624
IBPFAHIO_02934	6861
IBPFAHIO_02935	3453
IBPFAHIO_02936	325
IBPFAHIO_02937	1017
IBPFAHIO_02938	1228
IBPFAHIO_02939	2194
IBPFAHIO_02940	3504
IBPFAHIO_02941	972
IBPFAHIO_02942	1703
IBPFAHIO_02943	1149
IBPFAHIO_02944	902
IBPFAHIO_02945	200
IBPFAHIO_02946	595
IBPFAHIO_02947	739
IBPFAHIO_02948	7965
IBPFAHIO_02949	9
IBPFAHIO_02950	2
IBPFAHIO_02951	16
IBPFAHIO_02952	0
IBPFAHIO_02953	0
IBPFAHIO_02954	388
IBPFAHIO_02955	609
IBPFAHIO_02956	942
IBPFAHIO_02957	50
IBPFAHIO_02958	1844
IBPFAHIO_02959	3185
IBPFAHIO_02960	2116
IBPFAHIO_02961	1260
IBPFAHIO_02962	121
IBPFAHIO_02963	97
IBPFAHIO_02964	169
IBPFAHIO_02965	581
IBPFAHIO_02966	3232
IBPFAHIO_02967	420
IBPFAHIO_02968	465
IBPFAHIO_02969	16340
IBPFAHIO_02970	8298
IBPFAHIO_02971	1315
IBPFAHIO_02972	5182
IBPFAHIO_02973	2216
IBPFAHIO_02974	158
IBPFAHIO_02975	1114
IBPFAHIO_02976	103
IBPFAHIO_02977	2575
IBPFAHIO_02978	2699
IBPFAHIO_02979	473
IBPFAHIO_02980	3911
IBPFAHIO_02981	6977
IBPFAHIO_02982	305
IBPFAHIO_02983	404
IBPFAHIO_02984	76
IBPFAHIO_02985	84
IBPFAHIO_02986	69
IBPFAHIO_02987	500
IBPFAHIO_02988	13
IBPFAHIO_02989	481
IBPFAHIO_02990	373
IBPFAHIO_02991	183
IBPFAHIO_02992	267
IBPFAHIO_02993	181
IBPFAHIO_02994	49
IBPFAHIO_02995	97
IBPFAHIO_02996	165
IBPFAHIO_02997	212
IBPFAHIO_02998	243
IBPFAHIO_02999	486
IBPFAHIO_03000	263
IBPFAHIO_03001	3
IBPFAHIO_03002	0
IBPFAHIO_03003	0
IBPFAHIO_03004	0
IBPFAHIO_03005	0
IBPFAHIO_03006	0
IBPFAHIO_03007	0
IBPFAHIO_03008	0
IBPFAHIO_03009	0
IBPFAHIO_03010	0
IBPFAHIO_03011	0
IBPFAHIO_03012	0
IBPFAHIO_03013	0
IBPFAHIO_03014	3
IBPFAHIO_03015	0
IBPFAHIO_03016	0
IBPFAHIO_03017	0
IBPFAHIO_03018	289
IBPFAHIO_03019	861
IBPFAHIO_03020	0
IBPFAHIO_03021	0
IBPFAHIO_03022	2377
IBPFAHIO_03023	924
IBPFAHIO_03024	3285
IBPFAHIO_03025	26812
IBPFAHIO_03026	298
IBPFAHIO_03027	1916
IBPFAHIO_03028	610
IBPFAHIO_03029	3479
IBPFAHIO_03030	11
IBPFAHIO_03031	157
IBPFAHIO_03032	1873
IBPFAHIO_03033	2487
IBPFAHIO_03034	154789
IBPFAHIO_03035	34865
IBPFAHIO_03036	7916
IBPFAHIO_03037	1914
IBPFAHIO_03038	1615
IBPFAHIO_03039	1241
IBPFAHIO_03040	11553
IBPFAHIO_03041	155
IBPFAHIO_03042	1738
IBPFAHIO_03043	3013
IBPFAHIO_03044	53
IBPFAHIO_03045	3784
IBPFAHIO_03046	6384
IBPFAHIO_03047	1890
IBPFAHIO_03048	484
IBPFAHIO_03049	2637
IBPFAHIO_03050	1170
IBPFAHIO_03051	5
IBPFAHIO_03052	60
IBPFAHIO_03053	5085
IBPFAHIO_03054	11000
IBPFAHIO_03055	1015
IBPFAHIO_03056	1
IBPFAHIO_03057	0
IBPFAHIO_03058	1
IBPFAHIO_03059	1
IBPFAHIO_03060	2
IBPFAHIO_03061	7
IBPFAHIO_03062	0
IBPFAHIO_03063	0
IBPFAHIO_03064	0
IBPFAHIO_03065	1
IBPFAHIO_03066	0
IBPFAHIO_03067	0
IBPFAHIO_03068	0
IBPFAHIO_03069	0
IBPFAHIO_03070	420
IBPFAHIO_03071	822
IBPFAHIO_03072	5
IBPFAHIO_03073	3
IBPFAHIO_03074	296
IBPFAHIO_03075	1020
IBPFAHIO_03076	574
IBPFAHIO_03077	256
IBPFAHIO_03078	739
IBPFAHIO_03079	207
IBPFAHIO_03080	0
IBPFAHIO_03081	229
IBPFAHIO_03082	32
IBPFAHIO_03083	3
IBPFAHIO_03084	0
IBPFAHIO_03085	0
IBPFAHIO_03086	5
IBPFAHIO_03087	2597
IBPFAHIO_03088	15
IBPFAHIO_03089	5
IBPFAHIO_03090	1850
IBPFAHIO_03091	321
IBPFAHIO_03092	3138
IBPFAHIO_03093	994
IBPFAHIO_03094	51
IBPFAHIO_03095	68
IBPFAHIO_03096	5292
IBPFAHIO_03097	4719
IBPFAHIO_03098	10345
IBPFAHIO_03099	3
IBPFAHIO_03100	7
IBPFAHIO_03101	0
IBPFAHIO_03102	0
IBPFAHIO_03103	0
IBPFAHIO_03104	57
IBPFAHIO_03105	3921
IBPFAHIO_03106	73
IBPFAHIO_03107	72
IBPFAHIO_03108	0
IBPFAHIO_03109	4
IBPFAHIO_03110	0
IBPFAHIO_03111	0
IBPFAHIO_03112	0
IBPFAHIO_03113	0
IBPFAHIO_03114	0
IBPFAHIO_03115	1653
IBPFAHIO_03116	5452
IBPFAHIO_03117	1886
IBPFAHIO_03118	1990
IBPFAHIO_03119	626
IBPFAHIO_03120	232
IBPFAHIO_03121	1307
IBPFAHIO_03122	2
IBPFAHIO_03123	0
IBPFAHIO_03124	2
IBPFAHIO_03125	0
IBPFAHIO_03126	0
IBPFAHIO_03127	0
IBPFAHIO_03128	544
IBPFAHIO_03129	921
IBPFAHIO_03130	151
IBPFAHIO_03131	407
IBPFAHIO_03132	69
IBPFAHIO_03133	143
IBPFAHIO_03134	126
IBPFAHIO_03135	256
IBPFAHIO_03136	107
IBPFAHIO_03137	99
IBPFAHIO_03138	102
IBPFAHIO_03139	63
IBPFAHIO_03140	95
IBPFAHIO_03141	14
IBPFAHIO_03142	381
IBPFAHIO_03143	232
IBPFAHIO_03144	235
IBPFAHIO_03145	4
IBPFAHIO_03146	305
IBPFAHIO_03147	2352
IBPFAHIO_03148	37
IBPFAHIO_03149	122
IBPFAHIO_03150	96
IBPFAHIO_03151	154
IBPFAHIO_03152	56
IBPFAHIO_03153	49
IBPFAHIO_03154	4
IBPFAHIO_03155	303
IBPFAHIO_03156	239
IBPFAHIO_03157	604
IBPFAHIO_03158	162
IBPFAHIO_03159	113
IBPFAHIO_03160	6375
IBPFAHIO_03161	1258
IBPFAHIO_03162	677
IBPFAHIO_03163	1462
IBPFAHIO_03164	719
__no_feature	5475684
__ambiguous	3402360
__too_low_aQual	894250
__not_aligned	571298
__alignment_not_unique	0
